monthly_fee,usage_hours,support_requests,account_age_months,failed_payments,region,device_type,payment_method,autopay_enabled,churn
9.99,27.92,1,14,1,america,desktop,card,1,1
19.99,21.48,2,1,0,america,mobile,card,1,0
19.99,17.08,0,23,1,europe,mobile,card,0,0
9.99,18.43,0,19,0,asia,desktop,card,0,0
9.99,26.90,1,11,0,europe,mobile,card,0,0
29.99,10.85,2,8,0,europe,desktop,card,1,0
29.99,34.26,0,1,0,america,desktop,card,1,0
29.99,40.22,1,1,0,europe,mobile,paypal,0,1
19.99,20.27,2,11,1,america,mobile,card,0,0
9.99,20.72,0,14,0,america,mobile,card,1,0
29.99,39.53,0,24,0,america,mobile,card,0,1
49.99,20.44,1,9,0,africa,desktop,card,1,0
19.99,29.72,2,1,0,asia,mobile,card,1,0
29.99,20.49,1,9,0,america,desktop,crypto,1,0
49.99,25.68,0,1,0,africa,tablet,paypal,0,0
49.99,34.48,0,3,0,europe,mobile,card,1,0
19.99,35.67,1,14,0,europe,mobile,card,1,0
19.99,16.55,0,6,0,asia,mobile,card,0,0
49.99,4.18,1,1,0,europe,mobile,card,0,1
19.99,14.65,0,15,1,america,mobile,paypal,0,1
9.99,42.41,0,14,0,asia,mobile,card,1,0
49.99,18.33,2,3,0,africa,tablet,card,0,1
29.99,20.70,1,11,0,europe,mobile,card,0,0
9.99,23.96,0,16,1,america,mobile,card,0,0
9.99,12.37,0,3,0,africa,mobile,paypal,1,0
29.99,0.00,1,13,0,america,mobile,card,1,0
19.99,38.84,0,17,0,europe,desktop,paypal,0,0
9.99,13.72,0,15,0,america,mobile,paypal,0,0
29.99,7.42,0,15,1,europe,mobile,paypal,0,1
49.99,21.44,0,9,0,africa,mobile,card,0,0
9.99,38.45,1,20,0,america,mobile,card,1,0
9.99,25.53,0,12,0,america,desktop,card,0,0
19.99,38.03,0,18,0,europe,desktop,card,0,0
19.99,18.15,2,24,1,america,mobile,paypal,1,0
19.99,22.49,2,6,0,europe,desktop,card,1,0
29.99,24.59,0,16,0,africa,mobile,card,1,0
29.99,0.00,2,24,1,europe,mobile,card,1,0
19.99,17.50,1,8,0,europe,desktop,paypal,1,0
49.99,12.88,2,7,0,america,mobile,paypal,1,0
49.99,19.73,0,10,1,asia,desktop,card,1,0
49.99,26.88,0,10,0,europe,desktop,card,1,0
19.99,16.67,0,12,0,europe,mobile,paypal,1,0
19.99,18.06,0,8,0,america,desktop,paypal,0,0
19.99,31.30,3,9,0,europe,desktop,card,0,0
29.99,40.04,0,2,0,asia,desktop,card,0,0
49.99,4.12,1,15,0,america,mobile,card,1,0
19.99,18.81,1,7,0,europe,desktop,paypal,1,0
49.99,14.12,1,1,1,asia,desktop,paypal,0,1
9.99,27.88,0,1,1,america,mobile,paypal,0,0
49.99,22.04,2,19,0,america,mobile,card,1,0
9.99,31.16,0,10,0,asia,desktop,card,1,0
49.99,12.14,2,2,1,america,mobile,card,1,0
29.99,20.61,1,14,0,europe,mobile,paypal,0,0
49.99,13.75,0,14,1,america,mobile,card,0,1
19.99,24.67,0,18,0,america,tablet,card,0,1
19.99,33.80,2,18,0,europe,tablet,paypal,1,0
29.99,33.11,1,20,0,asia,mobile,card,0,0
19.99,5.05,1,18,0,america,mobile,card,1,0
29.99,16.71,1,17,0,asia,desktop,card,0,0
49.99,23.75,0,15,1,europe,desktop,paypal,1,1
19.99,33.70,1,1,0,america,desktop,card,0,1
19.99,13.84,1,8,0,asia,mobile,crypto,1,0
49.99,19.00,1,15,0,europe,mobile,paypal,1,0
49.99,17.79,2,12,0,africa,desktop,card,1,0
19.99,15.88,3,1,0,europe,desktop,card,0,0
49.99,10.95,1,17,0,america,mobile,card,1,0
9.99,30.57,2,15,0,europe,mobile,card,1,0
49.99,9.70,1,27,0,europe,desktop,card,0,0
19.99,14.47,0,17,0,asia,mobile,card,0,0
9.99,21.82,2,9,0,america,tablet,paypal,0,0
19.99,8.82,1,1,0,america,mobile,card,1,0
29.99,9.57,1,9,1,europe,mobile,card,1,0
29.99,18.18,0,13,1,america,mobile,card,0,0
9.99,20.51,0,3,0,europe,tablet,card,0,0
49.99,14.80,1,4,0,europe,desktop,card,0,0
9.99,11.66,1,2,2,asia,mobile,crypto,0,0
49.99,31.39,1,5,0,asia,mobile,card,1,0
49.99,39.44,2,7,0,europe,mobile,card,1,0
9.99,15.15,1,16,0,america,mobile,card,0,0
19.99,14.61,1,15,1,america,mobile,card,0,0
29.99,30.90,0,14,0,europe,mobile,crypto,1,0
49.99,12.87,2,3,0,europe,mobile,card,1,0
49.99,35.91,1,7,0,europe,desktop,paypal,0,0
9.99,38.19,2,10,0,america,mobile,paypal,1,0
19.99,35.55,1,10,1,europe,mobile,card,0,0
29.99,5.39,0,2,0,america,mobile,card,1,1
9.99,15.83,1,1,0,asia,desktop,paypal,1,0
29.99,13.31,1,12,1,america,mobile,card,0,0
19.99,6.77,1,13,1,asia,desktop,paypal,1,1
19.99,41.55,2,18,0,africa,desktop,card,1,0
49.99,27.68,1,7,0,america,mobile,paypal,1,1
9.99,34.00,0,20,0,america,mobile,paypal,1,0
29.99,13.00,0,3,0,america,tablet,card,1,0
29.99,19.52,0,8,1,europe,mobile,card,0,0
29.99,23.73,0,16,0,america,desktop,card,1,0
19.99,20.19,0,6,0,europe,desktop,card,1,0
29.99,9.28,0,6,0,asia,desktop,paypal,1,0
9.99,2.50,0,6,1,america,desktop,card,0,0
9.99,35.44,2,8,1,europe,desktop,card,1,0
49.99,6.26,0,20,0,america,desktop,paypal,1,0
19.99,0.00,1,14,0,america,mobile,crypto,1,0
19.99,43.91,0,13,0,europe,desktop,crypto,1,0
19.99,21.56,0,16,0,asia,desktop,card,0,0
9.99,15.09,3,21,0,america,mobile,paypal,1,0
19.99,18.49,0,11,0,asia,mobile,card,1,0
9.99,13.24,1,2,0,africa,desktop,card,0,1
49.99,26.05,0,21,1,asia,desktop,card,1,1
29.99,10.11,1,9,1,asia,desktop,card,0,0
19.99,1.06,1,1,1,europe,desktop,card,1,1
19.99,15.62,0,14,0,asia,desktop,card,1,1
29.99,15.05,0,25,0,asia,tablet,card,1,0
9.99,13.90,0,8,0,europe,desktop,card,0,0
49.99,35.25,0,16,0,america,mobile,paypal,0,0
19.99,17.53,2,18,0,europe,mobile,card,1,0
9.99,30.31,1,5,0,europe,mobile,card,0,0
9.99,29.37,2,15,0,asia,mobile,card,1,0
9.99,17.27,1,7,0,asia,mobile,card,0,1
19.99,17.81,1,15,0,europe,mobile,paypal,1,0
19.99,1.07,0,13,0,america,mobile,card,0,0
49.99,5.92,0,8,0,europe,mobile,paypal,0,0
29.99,36.41,2,12,1,asia,mobile,card,1,0
19.99,32.56,1,6,0,america,mobile,crypto,0,1
9.99,24.02,1,1,0,america,mobile,paypal,1,0
49.99,11.33,0,1,0,europe,tablet,card,1,0
29.99,23.84,0,10,0,asia,mobile,card,1,0
9.99,11.08,0,2,0,america,desktop,card,0,0
29.99,10.68,0,20,0,america,desktop,crypto,1,0
9.99,20.15,2,2,0,europe,mobile,card,1,0
9.99,23.52,0,15,0,america,mobile,paypal,0,0
19.99,13.39,2,16,0,africa,desktop,card,1,0
29.99,6.61,0,10,0,america,tablet,crypto,0,1
49.99,18.08,0,4,2,europe,desktop,card,0,1
29.99,22.58,0,13,0,america,mobile,card,0,1
49.99,23.57,1,8,0,africa,desktop,card,1,0
49.99,7.17,0,13,0,europe,tablet,paypal,0,1
49.99,12.10,1,4,0,africa,desktop,paypal,1,0
49.99,28.94,0,24,1,america,mobile,paypal,1,0
19.99,22.14,0,24,0,america,tablet,card,1,0
49.99,29.69,0,30,0,america,desktop,paypal,1,0
49.99,18.18,0,9,0,europe,mobile,card,0,0
49.99,26.31,1,11,0,asia,desktop,card,1,0
9.99,11.16,0,10,0,europe,mobile,card,1,0
29.99,31.13,1,1,0,asia,mobile,card,0,0
29.99,19.84,0,17,0,america,mobile,card,0,1
29.99,2.43,0,18,1,asia,desktop,card,0,1
49.99,26.53,1,16,0,europe,mobile,card,0,0
9.99,20.13,0,3,1,america,mobile,card,1,0
49.99,27.80,0,21,0,asia,tablet,card,0,0
9.99,0.00,2,14,0,europe,mobile,card,1,0
19.99,16.56,0,27,0,europe,tablet,card,0,0
9.99,15.15,0,1,0,europe,mobile,paypal,0,0
19.99,35.84,1,6,0,asia,desktop,card,0,0
9.99,9.02,0,2,0,europe,mobile,paypal,1,0
9.99,19.43,1,1,1,europe,tablet,card,1,0
49.99,27.38,2,26,0,africa,tablet,card,0,0
29.99,35.15,0,7,0,america,desktop,card,1,0
19.99,20.97,2,5,1,asia,tablet,card,0,1
49.99,35.93,0,1,0,america,mobile,crypto,0,0
29.99,33.01,2,1,0,america,mobile,card,0,0
19.99,18.02,1,17,0,africa,mobile,card,1,0
29.99,26.00,1,2,0,europe,tablet,card,0,0
29.99,27.07,0,12,0,europe,desktop,card,0,0
49.99,18.17,0,19,0,america,mobile,card,0,0
49.99,23.15,1,3,0,europe,desktop,card,0,0
29.99,25.23,0,4,1,europe,mobile,card,1,1
29.99,38.82,0,1,1,africa,desktop,paypal,0,1
19.99,7.98,1,5,0,europe,tablet,card,0,1
29.99,27.75,1,1,0,america,mobile,card,1,1
29.99,17.61,0,6,0,asia,mobile,card,1,0
29.99,26.37,0,8,0,europe,mobile,crypto,1,0
19.99,23.75,2,9,0,europe,mobile,card,1,0
19.99,13.52,2,24,2,america,mobile,card,0,0
29.99,18.19,1,10,0,asia,mobile,paypal,0,0
49.99,18.58,2,22,0,europe,mobile,card,1,0
49.99,29.05,2,31,0,europe,mobile,card,1,0
49.99,6.25,0,1,0,america,desktop,card,1,0
49.99,11.43,0,20,1,europe,mobile,paypal,0,0
29.99,14.97,0,12,1,europe,tablet,card,1,0
49.99,16.21,1,25,0,europe,mobile,card,1,0
29.99,37.34,0,10,0,america,mobile,card,1,0
19.99,23.74,0,6,0,europe,desktop,card,1,0
19.99,17.87,0,1,0,europe,desktop,card,1,0
49.99,8.19,0,1,0,america,mobile,card,1,0
19.99,4.36,0,28,0,europe,desktop,card,0,0
49.99,21.52,0,11,0,europe,mobile,card,0,0
29.99,13.52,3,3,0,africa,desktop,card,1,1
19.99,18.29,0,11,0,europe,mobile,card,1,0
49.99,25.60,0,22,0,europe,mobile,card,1,0
19.99,12.56,1,6,1,asia,mobile,card,1,0
49.99,16.44,1,1,0,america,mobile,card,0,1
19.99,21.03,1,19,1,america,mobile,card,1,0
19.99,21.12,0,1,0,asia,mobile,card,0,1
19.99,14.89,0,7,1,europe,mobile,card,1,0
9.99,8.51,1,9,0,asia,desktop,paypal,1,0
19.99,17.32,0,10,0,africa,tablet,card,0,1
49.99,22.30,1,3,0,africa,mobile,paypal,1,0
49.99,9.24,2,6,0,america,mobile,card,1,0
19.99,28.54,0,20,0,america,mobile,card,1,0
19.99,16.22,3,11,0,america,mobile,paypal,0,1
19.99,32.24,1,1,0,america,mobile,card,1,0
9.99,40.20,3,13,2,asia,mobile,paypal,0,1
19.99,32.09,0,6,0,asia,mobile,paypal,1,0
49.99,28.79,1,7,0,asia,desktop,card,1,0
49.99,20.41,1,14,0,asia,mobile,card,1,0
49.99,20.30,1,1,0,america,mobile,paypal,1,1
9.99,24.53,0,12,0,asia,mobile,paypal,1,0
9.99,21.54,1,11,0,america,tablet,card,0,0
19.99,3.63,0,4,0,europe,mobile,card,1,1
49.99,20.64,0,14,0,europe,desktop,paypal,1,0
49.99,18.15,1,13,1,europe,mobile,paypal,1,0
49.99,34.01,0,7,0,america,mobile,paypal,1,0
9.99,1.10,0,25,0,europe,mobile,card,0,1
19.99,31.85,1,4,1,america,desktop,card,1,1
49.99,32.24,1,8,2,europe,desktop,card,0,0
9.99,30.61,0,12,1,europe,mobile,paypal,1,0
49.99,0.00,0,13,1,america,desktop,paypal,0,1
49.99,11.85,1,3,0,europe,desktop,card,1,0
9.99,37.70,0,14,2,america,mobile,card,0,0
29.99,30.38,0,29,0,europe,tablet,card,0,0
49.99,27.61,0,2,0,america,desktop,card,1,0
9.99,0.00,0,20,0,america,mobile,paypal,0,1
29.99,27.85,1,21,0,europe,tablet,card,0,0
9.99,21.16,0,12,0,europe,mobile,paypal,1,0
29.99,20.80,1,9,1,europe,mobile,card,1,0
49.99,23.45,1,1,0,america,desktop,card,1,0
19.99,14.52,0,8,0,europe,mobile,card,1,0
49.99,21.93,0,24,0,asia,desktop,card,1,1
49.99,13.13,2,14,0,europe,desktop,paypal,0,1
29.99,7.71,0,7,0,europe,mobile,paypal,0,0
19.99,16.28,1,13,0,africa,mobile,crypto,1,0
9.99,30.65,0,9,0,europe,desktop,paypal,0,0
49.99,25.45,1,11,0,asia,mobile,card,1,0
49.99,2.97,0,1,1,asia,desktop,card,0,1
29.99,26.91,2,1,0,america,tablet,card,0,1
9.99,19.34,2,1,0,asia,mobile,card,0,0
19.99,18.75,1,18,0,africa,mobile,paypal,1,0
49.99,22.59,0,9,0,america,mobile,card,1,0
9.99,28.43,0,9,0,africa,mobile,card,1,0
49.99,21.16,2,16,1,asia,mobile,card,1,0
49.99,26.95,1,9,1,america,mobile,paypal,1,0
19.99,12.47,1,18,0,america,mobile,card,1,0
49.99,6.43,0,10,0,america,mobile,card,1,0
19.99,16.14,1,3,0,asia,mobile,card,1,0
19.99,9.08,0,16,0,asia,mobile,card,1,1
49.99,31.56,0,1,0,asia,desktop,card,1,1
19.99,17.90,1,7,0,asia,desktop,paypal,1,0
9.99,18.60,2,21,0,america,desktop,card,1,0
19.99,8.73,4,4,0,america,mobile,crypto,0,1
29.99,28.82,0,2,0,america,desktop,paypal,1,0
19.99,13.03,2,10,0,america,tablet,card,1,0
49.99,47.29,0,14,0,america,mobile,paypal,0,0
49.99,6.90,1,11,1,asia,desktop,paypal,1,0
29.99,13.03,0,3,0,asia,desktop,paypal,1,0
29.99,30.48,0,1,1,america,mobile,card,1,0
19.99,9.46,0,5,1,europe,mobile,paypal,1,1
19.99,19.66,1,17,0,america,mobile,card,1,0
29.99,27.87,1,22,0,america,mobile,card,0,0
49.99,11.27,0,21,0,europe,mobile,card,1,0
9.99,30.45,0,14,0,europe,desktop,card,1,0
19.99,6.43,2,20,0,america,mobile,card,0,1
29.99,17.58,0,16,0,america,desktop,card,1,0
49.99,13.69,1,13,0,america,mobile,card,0,0
9.99,28.46,0,8,1,asia,desktop,card,1,0
19.99,15.11,1,1,0,asia,tablet,crypto,0,1
49.99,9.95,2,13,0,america,mobile,card,1,1
9.99,29.56,0,9,1,america,mobile,card,0,0
19.99,18.52,1,6,0,america,mobile,card,0,0
9.99,16.04,1,17,0,europe,tablet,card,0,1
19.99,31.47,2,10,0,africa,mobile,paypal,0,0
19.99,19.97,0,11,0,america,mobile,card,1,0
9.99,8.05,1,26,0,europe,mobile,paypal,0,0
9.99,21.61,2,27,0,europe,mobile,card,1,0
9.99,0.00,0,11,0,europe,mobile,paypal,1,1
29.99,30.94,2,17,0,asia,mobile,card,0,0
29.99,14.08,2,17,0,asia,mobile,card,1,0
49.99,37.29,0,10,0,america,mobile,paypal,1,0
9.99,20.52,0,3,0,america,mobile,card,1,0
9.99,25.46,0,11,0,europe,desktop,card,0,0
9.99,9.63,0,6,0,asia,mobile,card,1,0
29.99,28.93,0,15,0,asia,mobile,paypal,1,0
9.99,23.36,1,4,0,asia,tablet,card,1,0
9.99,35.30,1,7,1,america,mobile,paypal,1,0
29.99,17.48,1,7,1,europe,tablet,paypal,1,0
9.99,2.46,1,12,0,america,tablet,card,0,1
9.99,13.27,0,12,0,europe,tablet,card,1,0
29.99,37.15,2,29,0,asia,desktop,card,1,0
29.99,21.42,1,8,1,europe,desktop,card,1,0
49.99,27.51,1,15,0,america,mobile,card,0,0
49.99,21.88,0,3,0,africa,mobile,card,1,0
19.99,37.94,1,9,1,asia,mobile,card,1,0
19.99,15.65,0,19,0,europe,tablet,card,0,0
29.99,48.37,0,14,0,europe,desktop,card,1,0
29.99,32.19,0,7,0,africa,desktop,card,1,0
9.99,32.73,1,21,0,europe,desktop,paypal,1,0
29.99,25.26,1,10,0,europe,mobile,card,1,0
49.99,12.23,0,2,2,america,mobile,card,1,1
29.99,22.23,2,15,0,america,mobile,paypal,0,0
49.99,30.16,0,7,0,europe,desktop,card,0,1
49.99,30.49,2,13,2,europe,desktop,card,0,0
29.99,12.59,1,12,0,europe,mobile,card,1,0
19.99,28.72,0,4,0,europe,mobile,paypal,0,0
19.99,2.91,1,13,0,europe,mobile,card,0,1
9.99,0.00,0,20,0,america,mobile,card,0,1
49.99,22.55,1,13,0,america,desktop,paypal,1,0
19.99,28.23,1,3,0,europe,mobile,card,0,0
49.99,20.71,1,15,0,europe,desktop,card,1,0
29.99,30.53,1,18,1,europe,mobile,card,1,0
29.99,14.74,0,10,0,america,desktop,card,0,0
9.99,29.98,0,3,0,america,mobile,paypal,1,1
9.99,0.00,0,15,0,america,mobile,paypal,1,0
19.99,21.87,0,1,1,asia,tablet,card,0,1
9.99,30.89,1,1,0,asia,tablet,card,0,0
49.99,24.33,1,2,0,africa,mobile,card,0,0
29.99,25.64,0,6,0,asia,mobile,card,0,0
49.99,40.37,1,9,0,america,tablet,paypal,1,0
29.99,12.81,2,19,0,africa,mobile,card,0,0
29.99,18.74,2,8,0,europe,desktop,paypal,0,0
9.99,14.14,0,8,1,europe,desktop,paypal,1,0
19.99,23.94,0,1,0,america,mobile,paypal,1,0
9.99,16.88,0,3,0,africa,mobile,card,1,0
29.99,19.90,0,10,1,europe,mobile,crypto,0,0
19.99,18.77,2,25,0,america,mobile,paypal,0,0
9.99,22.25,2,23,0,america,mobile,paypal,0,0
19.99,5.29,1,15,0,europe,mobile,card,0,0
29.99,18.57,1,33,1,america,desktop,card,0,0
29.99,24.56,2,12,0,america,desktop,card,1,0
9.99,0.63,0,11,1,europe,mobile,paypal,1,1
19.99,14.44,0,1,0,europe,mobile,card,0,0
29.99,24.28,1,11,1,america,mobile,card,1,1
29.99,23.38,2,1,1,europe,mobile,card,1,1
9.99,13.52,1,20,1,asia,mobile,paypal,1,0
29.99,9.07,1,19,0,europe,desktop,paypal,1,0
19.99,18.66,1,6,0,america,mobile,card,0,0
19.99,9.34,0,1,1,europe,mobile,card,1,1
29.99,20.53,0,12,0,america,mobile,paypal,1,0
29.99,29.28,2,10,0,america,mobile,card,0,0
29.99,31.60,0,12,0,africa,desktop,card,1,0
19.99,18.67,0,15,0,america,mobile,paypal,1,0
9.99,17.40,0,23,1,europe,mobile,card,1,0
19.99,24.20,2,20,0,europe,mobile,card,0,0
9.99,6.17,0,9,1,asia,desktop,paypal,0,0
29.99,17.59,0,21,0,europe,tablet,card,1,0
9.99,27.59,0,14,0,asia,desktop,card,1,0
29.99,19.72,1,18,0,america,mobile,card,1,0
9.99,25.45,1,7,0,america,tablet,card,0,0
29.99,24.14,1,18,0,europe,desktop,paypal,0,0
9.99,30.83,2,27,0,europe,tablet,card,1,0
49.99,22.51,0,22,0,america,desktop,card,1,0
49.99,27.47,1,7,1,america,desktop,card,1,0
29.99,4.84,0,5,0,america,mobile,card,0,1
9.99,43.28,1,3,0,asia,mobile,paypal,1,0
29.99,26.75,1,6,0,europe,mobile,paypal,1,0
49.99,8.67,3,11,0,asia,mobile,card,0,0
29.99,29.91,0,7,0,europe,desktop,paypal,0,0
49.99,18.02,0,8,0,america,mobile,card,0,0
29.99,19.09,0,14,0,america,desktop,card,0,0
49.99,24.00,2,14,0,america,mobile,card,0,1
49.99,7.13,1,1,0,europe,desktop,card,1,0
19.99,17.79,0,13,0,america,desktop,card,0,0
19.99,16.20,3,20,0,europe,mobile,paypal,0,0
29.99,14.44,0,8,0,america,mobile,card,0,0
19.99,4.61,0,10,0,europe,mobile,card,0,0
29.99,27.52,0,15,0,europe,mobile,card,1,0
29.99,17.71,0,24,0,europe,mobile,card,1,0
19.99,19.39,0,13,1,america,mobile,card,0,0
29.99,23.25,0,11,0,america,desktop,card,1,0
29.99,20.40,0,1,0,africa,mobile,card,0,1
19.99,19.53,0,18,0,europe,mobile,paypal,1,0
19.99,42.26,1,1,0,america,desktop,card,0,0
9.99,21.86,0,12,0,europe,mobile,card,1,0
19.99,30.97,0,8,0,africa,desktop,card,1,0
9.99,26.92,1,12,1,africa,mobile,card,0,0
9.99,10.60,1,8,2,america,mobile,paypal,1,1
19.99,18.23,1,29,1,america,mobile,card,1,0
19.99,26.95,0,19,0,america,tablet,paypal,0,0
19.99,35.71,1,15,0,europe,mobile,card,0,0
49.99,9.24,1,10,0,america,mobile,card,0,0
9.99,18.82,0,15,0,america,mobile,card,0,0
49.99,21.10,0,15,0,america,desktop,paypal,1,0
29.99,10.22,0,15,0,europe,tablet,card,1,0
9.99,11.02,0,8,0,europe,desktop,paypal,1,0
19.99,23.75,1,14,0,europe,desktop,paypal,0,0
49.99,17.60,0,9,0,europe,mobile,crypto,1,0
19.99,31.24,1,17,0,asia,desktop,card,1,0
29.99,28.95,0,15,0,america,desktop,card,1,0
29.99,28.03,0,7,0,asia,mobile,card,0,0
19.99,25.13,0,10,0,america,desktop,paypal,0,0
49.99,20.83,0,18,0,america,mobile,card,1,0
29.99,27.86,1,18,0,europe,mobile,crypto,0,0
19.99,14.07,1,23,0,africa,desktop,card,1,0
49.99,20.90,1,13,1,asia,desktop,card,0,0
9.99,28.78,0,9,0,america,desktop,card,1,0
49.99,10.35,2,16,0,europe,tablet,card,1,0
49.99,25.53,0,28,0,asia,mobile,card,1,0
19.99,9.70,2,16,0,america,desktop,card,1,1
19.99,13.81,0,12,0,asia,mobile,card,0,1
19.99,19.67,1,22,0,asia,mobile,paypal,0,0
9.99,22.85,2,2,0,europe,mobile,card,1,0
29.99,27.52,2,21,0,europe,mobile,card,1,0
49.99,26.31,0,19,1,asia,desktop,card,0,1
19.99,30.16,0,30,0,america,mobile,card,0,0
49.99,22.31,2,13,0,asia,desktop,paypal,0,1
19.99,19.52,2,14,0,asia,mobile,card,1,0
9.99,15.58,0,23,0,america,mobile,card,1,0
29.99,19.12,2,1,0,africa,mobile,card,1,0
19.99,11.28,1,11,0,europe,desktop,paypal,0,0
19.99,5.36,1,14,0,asia,mobile,card,0,0
19.99,9.10,1,16,0,asia,desktop,card,1,0
9.99,16.31,0,2,0,europe,tablet,card,0,1
49.99,13.78,1,4,0,europe,mobile,card,1,0
19.99,15.66,0,1,0,europe,mobile,card,0,0
19.99,3.76,0,15,0,europe,desktop,paypal,1,0
29.99,23.81,3,4,0,europe,mobile,card,1,0
29.99,37.03,0,27,0,america,mobile,card,0,0
19.99,21.20,0,3,0,asia,mobile,card,1,0
19.99,16.80,0,3,2,asia,mobile,paypal,1,1
29.99,40.56,2,4,0,america,mobile,paypal,0,0
49.99,19.41,0,12,0,europe,desktop,paypal,1,0
9.99,33.16,0,6,0,america,mobile,card,1,0
49.99,36.55,0,6,0,europe,desktop,card,1,0
19.99,36.89,1,2,0,asia,mobile,card,1,0
49.99,19.48,1,8,0,europe,mobile,paypal,1,0
29.99,6.44,1,5,1,europe,desktop,card,0,1
19.99,0.00,0,6,0,america,desktop,card,0,1
19.99,18.62,1,8,0,america,desktop,card,1,0
29.99,8.02,0,2,1,europe,desktop,card,0,1
29.99,19.42,1,1,0,europe,mobile,card,0,0
19.99,28.12,0,7,1,america,mobile,card,0,0
19.99,29.68,0,19,0,america,mobile,paypal,1,0
29.99,16.61,1,10,1,europe,mobile,paypal,1,0
49.99,14.53,1,24,0,america,tablet,paypal,1,0
9.99,39.39,2,9,0,america,mobile,crypto,1,0
9.99,8.28,0,9,0,europe,desktop,card,0,1
29.99,25.67,0,1,0,asia,mobile,card,0,0
19.99,10.71,0,11,0,asia,desktop,card,0,0
19.99,23.64,0,7,0,europe,mobile,paypal,0,0
49.99,5.11,0,1,0,europe,desktop,paypal,1,0
29.99,27.79,2,6,0,america,desktop,paypal,1,0
19.99,2.16,0,2,0,europe,desktop,card,1,1
9.99,23.41,1,4,0,europe,desktop,card,1,1
9.99,21.82,1,10,1,america,mobile,card,1,0
29.99,22.61,0,3,1,europe,mobile,paypal,1,0
49.99,30.16,1,17,1,america,desktop,card,0,1
49.99,20.58,4,16,1,europe,desktop,card,1,0
29.99,28.77,2,11,0,europe,mobile,card,1,1
19.99,27.23,0,10,0,america,mobile,card,1,0
49.99,17.81,0,12,0,asia,desktop,card,0,0
9.99,33.38,1,7,0,europe,mobile,crypto,0,0
49.99,19.78,0,2,1,europe,mobile,paypal,1,0
49.99,22.37,1,4,1,europe,desktop,paypal,1,1
19.99,2.43,1,3,0,america,mobile,paypal,0,0
29.99,21.20,0,9,0,asia,mobile,card,1,0
29.99,13.70,2,19,0,europe,desktop,card,0,0
49.99,20.91,1,7,0,asia,desktop,card,1,0
9.99,42.46,1,1,0,america,mobile,card,1,0
49.99,27.78,0,22,0,asia,desktop,paypal,1,0
9.99,25.83,1,8,0,america,mobile,paypal,1,0
9.99,21.34,0,6,0,asia,mobile,paypal,1,0
19.99,6.77,0,27,0,asia,tablet,paypal,1,0
29.99,10.00,0,15,1,africa,mobile,crypto,1,0
9.99,33.38,0,1,0,europe,mobile,card,0,1
29.99,30.45,0,2,0,europe,mobile,card,1,0
19.99,21.95,2,18,0,africa,desktop,paypal,0,0
9.99,13.02,0,10,0,europe,mobile,paypal,1,0
49.99,24.59,0,13,0,america,tablet,card,0,1
9.99,14.56,2,6,1,europe,desktop,crypto,0,0
9.99,21.44,1,8,0,europe,mobile,card,1,0
49.99,20.79,0,18,1,asia,desktop,card,0,0
19.99,20.38,1,1,0,asia,mobile,card,1,1
29.99,18.16,0,3,2,america,tablet,card,1,1
19.99,23.01,1,12,0,europe,mobile,paypal,0,0
29.99,35.33,1,18,0,europe,mobile,card,1,0
29.99,6.68,0,24,0,america,mobile,paypal,1,0
9.99,16.26,2,10,0,america,mobile,card,1,0
29.99,21.29,0,19,0,europe,mobile,crypto,1,0
9.99,24.58,2,1,0,europe,mobile,card,1,0
19.99,35.08,1,7,0,africa,tablet,card,1,0
49.99,34.18,0,22,0,europe,mobile,paypal,0,1
49.99,5.07,0,20,0,asia,mobile,card,1,0
49.99,13.43,0,18,1,america,desktop,card,0,0
19.99,0.19,1,13,0,asia,mobile,card,1,0
19.99,11.52,2,10,0,america,mobile,card,1,0
29.99,23.73,1,13,0,africa,desktop,card,0,0
19.99,16.38,0,8,0,asia,desktop,paypal,1,0
49.99,14.10,1,13,1,africa,tablet,crypto,1,0
19.99,20.18,0,32,0,america,mobile,card,1,0
49.99,22.24,0,17,0,europe,tablet,card,1,0
9.99,9.13,0,13,0,africa,mobile,card,0,0
9.99,23.97,2,22,0,europe,mobile,card,0,0
19.99,5.96,1,19,0,europe,mobile,paypal,1,0
29.99,14.02,1,1,0,europe,mobile,card,0,0
19.99,18.99,0,18,0,europe,mobile,card,0,0
19.99,12.92,1,14,0,asia,desktop,card,0,0
9.99,12.47,1,13,0,america,mobile,card,1,0
29.99,31.70,1,1,0,america,mobile,card,0,0
49.99,31.89,1,12,1,america,mobile,paypal,1,1
29.99,39.09,1,4,0,europe,tablet,card,1,0
29.99,8.25,0,1,0,europe,mobile,card,0,1
29.99,10.57,2,17,0,america,mobile,card,1,0
29.99,7.98,0,8,0,europe,desktop,card,0,0
29.99,2.60,1,11,1,america,tablet,card,1,0
49.99,13.71,1,2,0,africa,mobile,card,0,1
19.99,31.38,0,5,0,asia,desktop,card,1,0
9.99,15.78,2,11,0,america,mobile,paypal,0,1
19.99,26.53,2,20,0,asia,mobile,card,1,0
29.99,2.16,1,14,0,asia,mobile,card,1,1
29.99,26.41,0,1,1,europe,mobile,crypto,0,0
49.99,21.91,1,13,0,america,desktop,card,1,0
29.99,0.00,1,13,0,europe,desktop,paypal,0,0
9.99,26.58,0,16,0,asia,desktop,card,1,0
9.99,30.33,0,10,0,america,mobile,paypal,1,1
9.99,14.82,0,19,0,europe,mobile,card,1,0
29.99,15.59,0,14,0,asia,desktop,card,1,0
9.99,33.90,1,6,0,europe,mobile,card,0,0
19.99,24.10,1,19,0,europe,mobile,paypal,1,0
9.99,14.38,1,3,0,america,desktop,card,1,0
9.99,36.56,0,7,0,america,tablet,card,1,0
49.99,0.00,1,22,1,europe,mobile,card,0,1
29.99,17.63,1,4,0,asia,mobile,paypal,0,1
9.99,6.87,1,19,0,europe,mobile,card,1,0
19.99,0.00,0,6,0,america,mobile,paypal,1,0
19.99,26.92,2,11,0,america,mobile,card,1,0
49.99,31.18,3,15,0,america,desktop,card,1,0
9.99,21.11,1,1,0,america,desktop,card,1,0
49.99,25.06,2,7,1,africa,mobile,paypal,1,0
29.99,33.20,0,4,0,america,desktop,card,0,0
9.99,14.64,0,1,1,america,mobile,paypal,1,0
49.99,11.12,1,13,0,europe,mobile,paypal,1,0
29.99,34.89,0,14,0,europe,desktop,card,1,0
9.99,31.78,2,22,0,america,tablet,card,1,0
49.99,14.64,1,11,0,asia,desktop,paypal,1,0
29.99,22.72,1,4,0,asia,tablet,card,0,0
29.99,16.06,1,14,0,asia,desktop,crypto,1,0
29.99,3.60,0,10,0,asia,tablet,card,1,0
29.99,19.35,1,23,0,america,mobile,card,1,0
9.99,15.39,0,11,0,asia,mobile,card,0,0
29.99,18.78,1,11,0,africa,desktop,card,1,0
19.99,2.16,1,16,0,europe,mobile,paypal,1,0
49.99,20.94,0,1,0,europe,desktop,card,0,0
9.99,30.57,1,3,0,africa,tablet,card,0,0
29.99,32.37,2,30,0,asia,desktop,crypto,0,1
29.99,30.23,0,25,0,europe,mobile,card,0,0
19.99,18.69,0,14,0,america,mobile,card,0,0
9.99,9.64,1,9,0,america,mobile,card,0,1
19.99,33.57,0,10,0,america,mobile,card,0,0
19.99,32.25,0,11,1,africa,desktop,paypal,1,0
29.99,19.20,2,11,0,europe,tablet,card,0,0
9.99,0.00,1,8,0,asia,mobile,paypal,1,0
49.99,18.99,0,21,0,europe,mobile,paypal,1,0
9.99,15.98,0,6,0,asia,mobile,paypal,1,0
9.99,19.21,0,26,0,asia,mobile,paypal,1,0
49.99,52.07,2,7,0,america,mobile,paypal,0,0
19.99,21.26,1,8,0,america,desktop,card,1,0
49.99,19.49,0,16,1,asia,mobile,card,1,0
49.99,21.78,0,8,0,america,mobile,card,0,0
19.99,19.59,0,23,0,asia,mobile,paypal,0,0
19.99,34.09,1,24,0,europe,desktop,paypal,1,0
9.99,2.08,1,14,1,asia,desktop,crypto,0,1
19.99,8.76,3,12,0,europe,mobile,card,0,1
29.99,9.85,0,14,0,europe,desktop,card,0,1
49.99,21.05,1,23,0,asia,mobile,card,0,0
19.99,23.89,2,3,0,africa,desktop,card,1,0
9.99,7.82,0,11,0,europe,mobile,card,1,0
19.99,6.32,1,12,0,europe,mobile,paypal,0,0
19.99,18.57,0,7,0,asia,mobile,paypal,0,1
9.99,25.54,0,14,0,europe,desktop,paypal,1,0
19.99,19.61,0,12,0,europe,mobile,card,1,0
9.99,8.68,1,15,0,africa,mobile,card,1,0
29.99,26.64,0,20,1,europe,mobile,paypal,1,0
29.99,21.57,1,19,1,africa,tablet,card,1,0
49.99,27.22,0,22,0,america,mobile,paypal,0,0
29.99,13.50,1,29,0,africa,desktop,card,1,0
9.99,11.06,1,16,0,europe,mobile,card,0,0
49.99,25.07,0,8,1,europe,mobile,card,0,0
9.99,31.04,0,20,1,europe,desktop,card,0,1
9.99,8.52,2,5,0,america,desktop,card,1,1
9.99,13.42,0,20,0,africa,mobile,card,1,0
9.99,15.88,1,9,0,america,mobile,crypto,1,0
49.99,18.68,0,20,0,america,desktop,card,0,0
49.99,19.39,1,6,1,asia,mobile,paypal,0,0
29.99,10.85,1,6,0,africa,desktop,card,0,1
49.99,26.61,0,15,0,europe,desktop,card,0,0
9.99,12.92,3,7,0,europe,mobile,card,1,1
19.99,26.16,0,6,1,america,desktop,card,0,0
49.99,7.50,1,17,0,america,mobile,card,1,0
19.99,13.34,1,21,1,america,mobile,crypto,0,0
19.99,22.64,1,22,0,asia,mobile,card,0,0
29.99,26.53,1,21,0,europe,mobile,paypal,0,0
29.99,34.75,3,2,0,america,mobile,paypal,0,0
19.99,24.95,0,18,0,europe,mobile,card,0,1
9.99,4.37,2,8,0,europe,desktop,card,1,0
29.99,21.40,1,19,0,africa,tablet,card,1,0
9.99,27.94,0,21,1,europe,mobile,card,1,0
9.99,24.47,3,11,0,asia,mobile,paypal,0,0
49.99,28.51,2,16,0,asia,desktop,crypto,1,0
49.99,28.72,1,19,0,asia,desktop,paypal,1,0
49.99,17.15,2,14,0,asia,mobile,paypal,1,0
19.99,18.01,3,16,0,america,desktop,card,1,0
19.99,36.74,1,1,0,asia,mobile,card,1,0
49.99,38.23,0,2,1,europe,mobile,card,1,0
19.99,17.94,1,4,1,africa,mobile,card,0,1
19.99,20.66,0,23,1,asia,desktop,paypal,0,0
29.99,30.86,1,12,0,asia,mobile,card,1,0
9.99,22.37,2,18,0,asia,desktop,crypto,0,0
9.99,0.68,2,15,0,europe,mobile,card,1,0
29.99,24.00,1,11,0,europe,desktop,card,1,0
9.99,4.89,1,13,0,asia,mobile,card,1,0
9.99,0.00,1,18,0,europe,mobile,card,0,0
19.99,23.71,1,25,1,africa,tablet,card,1,0
19.99,16.24,0,17,0,asia,desktop,crypto,1,0
9.99,24.50,0,14,1,america,mobile,card,1,0
19.99,34.32,0,3,0,asia,desktop,card,1,0
49.99,21.20,0,9,0,europe,mobile,card,0,0
49.99,21.54,2,20,0,america,desktop,paypal,0,0
9.99,31.63,0,18,0,america,mobile,card,1,0
9.99,18.86,0,15,0,europe,mobile,paypal,1,0
49.99,18.75,0,9,0,europe,desktop,card,1,0
49.99,31.93,0,17,1,europe,mobile,card,0,1
9.99,25.68,0,16,0,america,mobile,card,0,0
49.99,21.78,0,7,0,europe,mobile,paypal,1,0
9.99,40.56,0,18,0,america,mobile,card,1,0
29.99,24.48,0,5,0,europe,desktop,card,1,0
49.99,0.60,1,4,0,asia,tablet,card,1,0
29.99,32.38,1,17,0,america,mobile,paypal,0,0
49.99,14.71,1,5,1,europe,desktop,card,0,1
29.99,24.59,1,9,0,america,mobile,card,1,1
49.99,0.00,0,6,0,asia,desktop,card,0,1
29.99,24.22,1,17,0,america,tablet,card,0,0
29.99,51.93,1,7,0,america,mobile,paypal,1,0
9.99,8.75,0,5,0,europe,desktop,card,1,0
29.99,23.13,1,5,0,america,mobile,card,0,0
49.99,25.90,3,11,0,africa,mobile,card,0,0
9.99,10.57,0,14,0,america,mobile,card,1,0
9.99,7.11,0,11,0,europe,desktop,card,1,1
9.99,20.52,2,2,0,asia,desktop,card,1,1
29.99,21.99,0,1,0,europe,desktop,paypal,1,0
29.99,3.86,0,18,0,europe,desktop,card,0,0
19.99,21.14,2,7,0,america,mobile,paypal,1,0
9.99,20.38,1,14,0,asia,mobile,paypal,1,0
19.99,25.44,1,10,1,america,mobile,card,0,1
49.99,12.57,1,9,1,europe,mobile,card,1,0
9.99,28.01,0,23,0,america,mobile,card,1,0
29.99,32.48,0,6,0,asia,mobile,crypto,0,0
29.99,35.69,1,12,0,america,tablet,card,0,0
49.99,21.96,0,24,0,asia,desktop,paypal,1,0
9.99,26.98,0,4,0,america,desktop,paypal,1,1
9.99,15.98,0,1,0,europe,mobile,card,1,1
19.99,0.00,0,18,0,america,desktop,paypal,1,0
19.99,18.98,2,18,0,europe,mobile,card,0,0
19.99,22.14,1,1,0,europe,mobile,card,1,0
9.99,11.40,1,11,0,europe,tablet,card,0,0
49.99,25.45,0,12,0,africa,desktop,card,0,0
49.99,28.39,0,18,0,america,mobile,card,1,0
29.99,21.00,2,12,1,america,mobile,card,0,0
49.99,13.89,0,8,0,europe,mobile,card,1,0
29.99,43.67,0,22,0,america,mobile,card,0,0
49.99,17.47,0,13,0,europe,mobile,card,1,0
9.99,14.95,2,14,0,europe,mobile,paypal,0,0
49.99,15.80,3,1,0,europe,mobile,paypal,1,0
19.99,0.00,0,6,0,europe,mobile,card,1,1
49.99,0.00,2,14,0,europe,desktop,card,1,0
19.99,23.16,1,15,0,europe,mobile,card,0,0
9.99,7.17,0,9,0,america,desktop,paypal,1,0
9.99,9.49,1,26,0,europe,mobile,paypal,0,0
29.99,19.10,0,23,0,africa,mobile,paypal,0,0
19.99,20.76,1,7,0,europe,mobile,crypto,1,0
19.99,21.07,2,10,0,europe,mobile,card,0,0
19.99,28.44,1,1,0,europe,desktop,card,0,0
19.99,0.00,1,1,0,asia,desktop,paypal,0,1
49.99,30.01,1,23,0,america,desktop,paypal,1,0
9.99,17.29,2,19,0,europe,mobile,paypal,0,0
29.99,8.50,0,20,0,asia,mobile,card,0,0
29.99,19.87,1,8,0,america,mobile,card,1,0
29.99,13.72,2,12,0,america,mobile,paypal,0,0
9.99,19.75,0,14,0,asia,mobile,card,1,0
49.99,37.64,0,4,0,america,tablet,card,0,0
49.99,21.44,0,15,0,america,desktop,card,1,0
19.99,13.70,0,2,0,europe,mobile,card,1,1
19.99,33.40,0,3,0,europe,mobile,card,1,0
49.99,21.19,1,3,0,africa,desktop,paypal,1,0
29.99,29.83,1,1,0,africa,tablet,paypal,1,1
9.99,12.31,1,27,0,asia,mobile,card,0,0
49.99,28.17,1,14,0,europe,mobile,paypal,1,0
49.99,25.66,1,7,0,america,desktop,paypal,0,0
19.99,14.13,0,11,0,europe,mobile,card,1,0
49.99,17.73,1,13,0,america,mobile,card,0,0
9.99,23.17,0,16,0,asia,mobile,crypto,0,0
29.99,35.58,0,19,0,europe,mobile,paypal,0,0
9.99,37.22,0,1,0,europe,mobile,card,1,1
19.99,24.95,0,9,1,asia,desktop,card,0,0
19.99,24.81,1,25,0,europe,desktop,card,1,0
29.99,8.34,2,4,1,europe,desktop,card,1,0
49.99,38.60,0,21,0,america,tablet,card,0,0
9.99,27.49,1,16,0,europe,desktop,card,0,0
9.99,47.71,0,16,0,africa,mobile,paypal,0,0
29.99,21.06,0,10,1,africa,desktop,card,1,0
49.99,13.22,0,13,0,europe,mobile,card,1,0
19.99,7.63,0,14,1,europe,mobile,card,1,0
29.99,20.94,2,8,0,europe,mobile,card,0,0
9.99,20.98,0,2,0,europe,mobile,card,0,0
19.99,15.18,1,14,0,america,desktop,card,1,0
19.99,24.18,0,22,1,america,mobile,card,0,0
49.99,33.26,1,3,0,america,desktop,card,0,0
49.99,18.81,0,16,1,asia,mobile,crypto,1,0
19.99,17.53,1,17,1,africa,mobile,paypal,1,0
29.99,25.59,1,1,2,europe,mobile,paypal,1,0
9.99,27.87,0,10,0,america,mobile,card,1,1
49.99,8.42,0,23,0,asia,desktop,card,0,0
49.99,21.09,0,19,1,europe,desktop,card,1,0
29.99,0.00,0,22,0,america,desktop,paypal,1,0
29.99,15.23,0,7,0,america,mobile,card,1,0
49.99,18.06,0,6,0,africa,mobile,card,0,0
49.99,30.64,1,7,1,asia,tablet,card,1,1
29.99,16.78,1,21,0,europe,mobile,paypal,1,0
19.99,43.76,1,17,1,europe,mobile,card,0,0
9.99,27.01,1,7,0,asia,mobile,paypal,1,0
49.99,22.22,1,1,0,europe,mobile,card,1,0
19.99,16.56,1,21,0,europe,tablet,card,0,0
49.99,32.35,0,26,0,africa,desktop,card,1,1
49.99,18.89,1,1,0,america,mobile,paypal,1,1
9.99,16.86,1,15,0,asia,mobile,card,0,0
29.99,37.98,0,1,0,america,mobile,card,1,1
29.99,35.27,1,11,0,asia,tablet,card,1,0
49.99,20.97,0,14,0,europe,mobile,paypal,0,0
29.99,29.57,0,5,0,america,desktop,crypto,1,0
19.99,13.35,1,18,0,africa,mobile,card,0,0
19.99,21.15,2,7,0,africa,desktop,card,1,0
49.99,26.18,1,7,0,europe,desktop,card,0,1
19.99,19.87,0,26,0,america,desktop,card,0,1
29.99,11.26,0,20,0,america,desktop,paypal,1,0
49.99,17.73,2,4,0,america,desktop,card,1,0
49.99,15.97,1,3,1,america,tablet,card,0,0
19.99,22.93,1,22,0,europe,mobile,card,0,0
29.99,20.20,2,26,0,america,mobile,card,1,0
49.99,21.24,0,9,0,europe,mobile,card,0,1
19.99,36.66,1,22,0,asia,mobile,card,1,0
49.99,33.76,1,13,1,america,mobile,card,0,0
9.99,7.43,2,13,0,europe,mobile,card,1,1
19.99,24.28,0,4,0,asia,desktop,card,1,1
19.99,15.96,1,24,0,europe,desktop,paypal,1,0
29.99,13.23,3,1,0,europe,mobile,paypal,1,1
29.99,22.25,1,23,0,europe,desktop,card,0,0
29.99,27.73,0,8,0,europe,mobile,paypal,0,0
9.99,10.11,0,6,0,asia,desktop,paypal,0,0
49.99,32.17,3,9,0,europe,mobile,card,1,0
29.99,22.36,1,13,0,america,desktop,card,1,0
9.99,23.49,1,24,1,europe,desktop,paypal,1,0
49.99,21.13,2,1,0,africa,tablet,paypal,0,1
19.99,23.92,0,15,1,america,mobile,card,0,0
19.99,25.09,0,15,0,america,mobile,card,1,0
49.99,21.04,1,1,0,europe,mobile,paypal,0,0
49.99,13.76,0,9,0,asia,tablet,card,1,0
9.99,25.64,3,6,0,europe,mobile,card,1,0
29.99,14.90,0,19,0,europe,mobile,card,0,0
49.99,11.28,1,5,0,europe,mobile,card,1,0
29.99,26.59,0,3,0,africa,mobile,card,1,0
19.99,16.56,0,11,0,america,mobile,card,1,0
29.99,28.42,1,18,0,asia,mobile,card,0,0
19.99,24.77,0,11,0,europe,mobile,card,1,0
29.99,22.26,0,17,1,america,mobile,card,1,0
19.99,14.40,2,1,0,europe,mobile,card,0,0
29.99,19.00,1,15,0,europe,tablet,card,0,0
49.99,26.71,0,4,0,europe,mobile,card,1,0
9.99,27.10,2,18,1,america,mobile,card,0,0
19.99,21.56,2,14,0,asia,mobile,paypal,1,0
9.99,27.17,1,11,0,africa,mobile,paypal,1,0
49.99,27.09,2,10,0,america,mobile,card,0,0
49.99,14.05,0,7,1,asia,mobile,card,1,0
49.99,9.01,2,14,0,america,desktop,card,1,0
49.99,0.00,1,16,1,europe,tablet,card,0,1
29.99,18.14,0,9,0,africa,mobile,paypal,1,0
9.99,2.62,0,7,0,europe,mobile,card,0,0
49.99,7.85,2,16,0,europe,mobile,paypal,1,0
49.99,15.97,1,5,0,asia,mobile,card,1,0
9.99,22.27,1,11,0,america,mobile,card,1,0
9.99,29.63,0,9,0,america,mobile,card,0,1
29.99,7.32,1,19,0,europe,mobile,paypal,1,1
9.99,29.05,0,16,1,europe,desktop,paypal,0,1
19.99,31.53,1,14,0,america,desktop,paypal,1,0
19.99,22.12,1,15,1,europe,mobile,card,1,0
29.99,40.03,1,1,1,asia,tablet,paypal,0,0
19.99,19.95,1,6,1,europe,tablet,paypal,1,0
29.99,34.68,0,13,0,africa,mobile,card,0,0
9.99,21.51,2,17,0,america,desktop,card,1,0
29.99,22.88,1,8,0,america,tablet,card,0,1
29.99,9.52,0,1,0,america,mobile,card,0,1
19.99,20.91,1,32,0,america,desktop,card,0,0
19.99,18.97,1,14,0,europe,desktop,card,1,0
19.99,20.35,1,10,0,america,mobile,card,1,0
49.99,26.57,0,17,0,africa,mobile,card,1,0
49.99,21.20,0,12,0,europe,desktop,paypal,0,0
19.99,14.12,0,7,0,europe,mobile,card,1,0
19.99,23.65,1,21,0,america,mobile,paypal,0,0
29.99,13.60,1,15,0,america,tablet,card,0,0
49.99,36.56,0,12,0,america,desktop,card,1,0
49.99,19.33,0,26,0,america,desktop,card,0,0
49.99,25.30,0,12,1,america,mobile,card,1,0
49.99,9.37,1,19,0,europe,mobile,paypal,1,0
49.99,6.05,0,12,0,america,mobile,card,0,0
29.99,19.82,0,6,0,africa,desktop,card,1,0
49.99,10.82,0,15,0,america,mobile,card,0,0
19.99,21.37,1,17,1,europe,tablet,card,0,0
19.99,23.71,1,14,0,europe,mobile,card,0,1
29.99,20.01,0,1,0,europe,mobile,card,0,0
29.99,30.31,0,7,1,europe,desktop,crypto,0,0
49.99,17.52,1,7,0,europe,mobile,card,0,0
19.99,25.05,1,1,0,america,mobile,card,0,0
49.99,19.58,0,1,0,europe,desktop,paypal,0,0
49.99,21.19,2,11,0,europe,tablet,paypal,1,0
9.99,19.18,0,13,0,asia,mobile,paypal,1,0
9.99,15.26,2,1,0,europe,mobile,card,0,1
19.99,31.52,3,10,0,africa,mobile,paypal,1,0
29.99,21.43,1,1,0,europe,mobile,card,0,1
29.99,36.07,0,13,0,america,mobile,paypal,0,0
49.99,22.55,0,14,0,europe,desktop,paypal,0,1
29.99,26.04,1,2,1,europe,mobile,card,1,0
29.99,26.86,0,20,1,asia,mobile,card,0,0
29.99,26.13,0,1,0,europe,desktop,paypal,0,0
29.99,4.73,0,9,1,asia,desktop,card,1,0
9.99,28.94,0,14,0,america,desktop,paypal,1,0
19.99,30.02,0,7,1,africa,mobile,card,1,0
49.99,36.81,0,4,0,europe,desktop,card,0,0
19.99,12.12,2,13,0,africa,mobile,card,1,0
49.99,18.57,1,14,1,america,mobile,paypal,1,0
19.99,0.00,2,9,0,europe,mobile,card,0,1
29.99,0.00,0,6,0,europe,mobile,card,0,0
49.99,24.97,0,10,0,asia,desktop,card,0,0
9.99,23.03,1,1,0,asia,mobile,card,1,0
9.99,21.74,0,1,0,asia,mobile,card,1,0
19.99,7.13,1,1,1,america,mobile,card,0,0
9.99,20.15,0,9,0,america,desktop,card,1,0
9.99,24.69,1,17,1,america,mobile,crypto,1,0
19.99,0.00,2,18,0,africa,mobile,paypal,0,0
49.99,15.89,0,19,0,asia,mobile,card,0,0
19.99,32.39,2,12,0,asia,mobile,card,0,0
29.99,19.03,2,16,1,africa,desktop,paypal,1,0
29.99,35.44,0,14,1,america,desktop,card,1,0
49.99,1.32,2,12,0,asia,desktop,card,1,1
29.99,20.99,0,13,0,europe,tablet,card,0,0
9.99,27.26,2,6,1,asia,mobile,paypal,0,0
9.99,24.87,0,19,0,europe,desktop,crypto,1,0
49.99,14.83,1,21,0,europe,mobile,card,0,1
29.99,18.00,0,2,0,europe,tablet,paypal,1,0
49.99,4.21,0,17,0,america,mobile,card,0,0
9.99,26.57,1,20,0,europe,mobile,paypal,0,1
49.99,9.73,0,18,1,america,desktop,card,1,1
19.99,34.03,0,9,0,america,mobile,paypal,0,0
9.99,0.00,0,4,0,asia,mobile,card,0,0
9.99,11.37,1,9,0,africa,mobile,card,0,1
29.99,12.20,1,23,0,europe,tablet,paypal,0,0
9.99,39.40,0,13,0,europe,mobile,card,1,0
19.99,18.91,1,7,0,asia,desktop,card,0,1
29.99,21.50,1,9,1,europe,desktop,card,1,0
19.99,30.58,2,28,0,america,mobile,card,1,0
29.99,24.80,0,14,1,america,mobile,card,1,0
19.99,12.29,2,18,0,africa,desktop,card,1,0
9.99,26.45,1,24,0,europe,desktop,card,1,1
49.99,17.17,2,12,0,europe,mobile,card,0,0
19.99,14.69,0,1,0,europe,desktop,card,1,0
19.99,20.69,1,35,0,africa,mobile,card,1,1
49.99,4.67,0,17,0,asia,mobile,card,1,1
29.99,18.23,1,5,0,europe,mobile,card,0,1
49.99,17.43,2,6,0,asia,mobile,card,0,0
19.99,11.97,2,3,1,asia,mobile,card,1,0
9.99,31.24,2,19,1,africa,desktop,card,0,0
9.99,32.97,0,9,1,america,mobile,card,1,0
29.99,33.11,0,17,0,europe,mobile,card,1,0
49.99,0.00,2,10,0,asia,desktop,card,1,0
19.99,19.41,0,5,0,africa,mobile,paypal,1,0
49.99,14.68,0,22,0,asia,mobile,paypal,1,0
29.99,17.68,1,9,0,europe,mobile,card,1,0
29.99,27.13,0,14,0,europe,desktop,card,1,0
29.99,9.08,3,16,0,europe,desktop,card,0,0
9.99,23.15,0,16,0,africa,mobile,crypto,0,0
9.99,17.39,0,17,0,america,desktop,card,1,0
19.99,4.18,0,12,0,europe,desktop,card,0,1
19.99,2.21,1,16,1,africa,mobile,card,1,0
49.99,17.53,0,17,0,asia,desktop,card,0,1
9.99,12.24,0,26,0,america,desktop,card,1,0
19.99,32.54,0,12,0,america,mobile,paypal,0,1
19.99,7.23,1,7,0,europe,mobile,card,0,0
9.99,22.99,1,8,0,america,mobile,card,1,0
49.99,28.77,2,14,1,europe,desktop,paypal,1,1
9.99,23.99,3,11,0,europe,mobile,paypal,1,1
19.99,25.37,2,2,0,europe,desktop,card,0,0
9.99,18.45,2,7,0,africa,desktop,paypal,0,0
19.99,15.75,1,9,0,asia,mobile,card,0,0
9.99,17.69,1,12,0,asia,mobile,crypto,0,0
19.99,24.69,0,12,1,asia,mobile,card,0,0
49.99,2.93,0,14,0,europe,mobile,card,0,1
49.99,41.73,0,18,0,america,desktop,paypal,1,0
49.99,20.88,2,16,0,africa,desktop,card,1,0
29.99,24.46,1,4,0,asia,mobile,card,1,0
9.99,3.37,0,14,0,america,desktop,card,1,0
29.99,6.49,1,15,0,europe,desktop,card,1,1
49.99,27.49,0,19,0,america,tablet,card,0,0
19.99,19.40,1,1,1,america,mobile,card,1,0
9.99,24.57,0,7,1,america,mobile,paypal,0,1
9.99,27.52,1,13,0,europe,mobile,card,1,1
29.99,22.56,1,17,0,europe,mobile,card,0,0
9.99,10.54,3,19,0,europe,mobile,card,0,0
19.99,18.67,0,1,1,europe,desktop,card,1,0
9.99,18.57,1,1,0,europe,desktop,paypal,0,0
19.99,31.79,0,22,0,asia,desktop,card,1,0
49.99,35.30,1,9,0,africa,desktop,crypto,1,0
9.99,21.87,0,18,0,africa,desktop,card,1,0
29.99,24.28,1,9,0,europe,desktop,card,1,0
49.99,16.77,0,19,1,europe,desktop,card,0,0
19.99,8.83,1,7,0,europe,mobile,card,0,0
9.99,9.56,0,11,0,america,mobile,paypal,1,1
49.99,24.31,0,20,0,europe,mobile,card,0,1
19.99,17.45,0,24,0,europe,mobile,card,0,0
49.99,28.29,1,1,0,europe,mobile,card,0,0
9.99,28.73,0,3,0,europe,desktop,crypto,0,0
19.99,23.28,1,6,0,america,desktop,card,0,0
9.99,38.00,2,4,1,europe,mobile,card,1,0
19.99,30.47,0,20,0,america,mobile,paypal,1,0
19.99,6.90,3,24,0,america,mobile,card,1,1
29.99,40.01,2,3,0,europe,mobile,paypal,1,0
9.99,36.12,1,16,1,america,desktop,card,1,0
9.99,13.48,1,9,0,america,mobile,card,0,0
29.99,12.51,2,1,0,europe,mobile,card,1,0
49.99,5.79,2,8,0,europe,desktop,paypal,0,0
9.99,21.54,1,15,0,america,desktop,card,0,0
9.99,10.34,0,15,1,asia,mobile,paypal,0,0
49.99,4.17,1,8,0,europe,mobile,card,1,0
29.99,12.38,3,22,0,europe,tablet,card,1,0
29.99,7.11,3,17,0,africa,mobile,card,0,0
49.99,29.81,2,16,0,africa,mobile,card,1,0
9.99,8.13,0,18,0,europe,mobile,paypal,1,1
49.99,37.10,1,18,1,asia,tablet,card,1,0
49.99,8.49,0,16,1,europe,mobile,paypal,0,0
49.99,21.87,0,9,2,america,desktop,card,1,0
9.99,26.37,1,14,0,asia,mobile,paypal,1,0
9.99,10.11,1,8,0,asia,desktop,card,1,0
29.99,26.26,1,2,0,europe,tablet,crypto,1,0
9.99,28.96,2,16,0,europe,mobile,card,1,0
9.99,21.97,0,14,0,america,mobile,card,1,0
29.99,2.19,1,1,1,africa,mobile,card,0,0
49.99,34.17,2,7,0,europe,desktop,card,1,0
29.99,25.62,0,5,0,asia,mobile,card,1,0
9.99,27.38,0,2,0,america,tablet,card,1,1
29.99,14.21,1,12,0,europe,mobile,card,1,0
29.99,22.92,2,9,0,europe,mobile,card,1,0
9.99,7.11,0,8,0,america,mobile,card,1,1
29.99,15.47,1,15,0,europe,mobile,card,0,0
9.99,26.95,0,16,0,america,tablet,card,0,1
9.99,24.98,0,9,0,europe,mobile,paypal,1,1
29.99,16.37,0,24,0,europe,mobile,card,1,1
9.99,40.44,3,20,0,europe,mobile,paypal,0,0
9.99,38.42,0,11,1,europe,tablet,card,1,0
49.99,19.24,1,17,0,europe,desktop,paypal,0,0
49.99,10.31,0,6,0,asia,mobile,card,0,0
9.99,19.27,1,20,0,america,desktop,paypal,1,0
49.99,21.51,1,15,1,europe,mobile,card,1,0
29.99,20.57,0,7,0,asia,tablet,card,1,0
19.99,21.21,0,11,0,europe,desktop,card,1,0
9.99,21.26,3,12,0,america,mobile,card,0,1
49.99,22.37,1,5,0,asia,mobile,card,1,0
19.99,17.23,1,3,0,asia,mobile,card,0,0
19.99,35.91,2,6,0,asia,mobile,paypal,0,0
49.99,33.09,1,16,0,europe,desktop,card,1,0
9.99,29.82,1,9,0,europe,tablet,card,1,1
19.99,14.56,1,23,0,asia,mobile,crypto,0,0
9.99,0.00,0,3,0,europe,mobile,paypal,1,0
19.99,14.02,0,14,0,europe,desktop,card,0,0
29.99,16.04,0,1,0,europe,mobile,card,0,0
49.99,31.55,1,11,0,africa,desktop,card,1,0
19.99,6.37,0,7,0,europe,tablet,card,1,0
49.99,40.37,0,19,1,europe,mobile,card,0,1
19.99,31.72,1,5,1,asia,mobile,crypto,0,1
9.99,4.79,1,7,0,africa,desktop,card,1,1
29.99,22.88,1,9,1,europe,mobile,card,0,1
29.99,33.32,2,14,0,africa,mobile,crypto,0,1
19.99,0.00,1,11,0,africa,mobile,card,1,0
9.99,37.60,0,7,0,asia,desktop,paypal,1,0
29.99,28.37,1,10,0,asia,desktop,card,1,0
49.99,30.07,1,8,0,america,mobile,card,1,0
49.99,32.60,1,20,0,america,desktop,card,1,0
19.99,4.44,0,13,0,america,mobile,card,1,0
49.99,22.24,0,9,2,europe,mobile,paypal,1,0
9.99,29.58,1,1,0,america,mobile,card,0,1
19.99,17.29,1,12,0,asia,desktop,card,1,0
9.99,12.52,0,13,0,asia,mobile,paypal,1,0
19.99,28.20,0,1,0,america,desktop,card,1,0
19.99,30.40,2,12,1,america,mobile,card,1,1
49.99,14.61,1,1,1,asia,desktop,card,1,1
49.99,28.47,1,1,0,america,mobile,paypal,0,0
49.99,15.24,3,2,1,asia,mobile,paypal,1,1
19.99,10.48,2,5,1,america,mobile,paypal,1,0
49.99,11.94,1,6,0,africa,desktop,card,1,0
29.99,3.77,0,13,0,america,mobile,card,1,0
29.99,21.76,0,16,0,europe,desktop,card,0,0
49.99,23.16,0,11,0,america,mobile,card,0,1
19.99,13.30,2,1,1,asia,mobile,card,1,1
19.99,19.47,0,1,0,europe,mobile,crypto,1,1
19.99,27.40,0,3,0,europe,mobile,paypal,0,0
49.99,22.50,1,16,0,europe,desktop,paypal,0,0
49.99,29.12,0,18,0,europe,mobile,card,1,1
29.99,26.72,0,11,0,america,tablet,card,1,0
29.99,17.25,1,10,0,asia,tablet,card,1,0
29.99,26.40,2,17,0,america,mobile,paypal,0,1
49.99,41.81,2,22,0,america,mobile,crypto,0,0
9.99,28.68,0,20,1,europe,mobile,card,1,0
19.99,23.34,1,14,0,asia,desktop,card,0,0
9.99,12.61,1,20,1,asia,mobile,card,0,0
29.99,23.71,2,17,0,asia,mobile,paypal,0,0
9.99,21.73,0,9,0,europe,mobile,card,1,0
19.99,25.27,0,2,1,america,mobile,paypal,1,0
29.99,35.83,0,5,0,europe,mobile,paypal,1,0
29.99,16.19,0,28,0,america,desktop,card,1,0
19.99,15.71,2,21,1,america,mobile,card,1,0
9.99,38.86,1,10,1,europe,tablet,card,0,0
9.99,26.41,0,17,0,europe,mobile,card,1,0
29.99,40.26,0,12,0,america,mobile,paypal,1,1
49.99,31.61,0,24,0,america,mobile,crypto,0,0
49.99,5.85,1,12,0,africa,mobile,crypto,1,0
29.99,27.53,0,17,0,asia,mobile,card,0,0
29.99,23.69,0,8,0,asia,mobile,card,1,0
49.99,22.74,1,4,1,asia,mobile,card,1,0
29.99,30.32,0,11,1,europe,mobile,card,1,0
9.99,21.58,2,15,1,asia,mobile,card,1,0
29.99,21.78,0,20,0,asia,mobile,card,1,0
9.99,12.66,0,8,0,america,mobile,card,0,1
29.99,12.60,0,28,0,europe,tablet,card,1,0
29.99,39.96,0,22,0,america,mobile,paypal,1,0
29.99,29.07,0,1,0,europe,desktop,card,0,0
19.99,0.00,0,3,0,asia,mobile,paypal,0,0
49.99,17.31,1,1,0,europe,desktop,crypto,1,0
9.99,16.20,0,19,0,europe,mobile,card,1,0
19.99,10.11,1,1,0,europe,mobile,paypal,1,0
19.99,5.95,0,9,0,asia,mobile,card,1,0
19.99,36.53,0,16,0,europe,mobile,paypal,0,1
9.99,21.11,0,13,0,asia,mobile,card,1,0
19.99,18.81,0,25,0,asia,desktop,crypto,1,0
29.99,40.90,0,3,0,asia,desktop,paypal,0,0
9.99,20.72,1,2,0,asia,mobile,card,0,1
9.99,21.30,2,21,0,asia,mobile,paypal,1,0
19.99,22.80,0,27,0,america,mobile,card,0,0
29.99,18.91,1,10,1,america,mobile,paypal,0,0
19.99,17.24,0,16,1,america,mobile,paypal,0,0
19.99,38.89,1,17,0,africa,mobile,paypal,1,0
29.99,33.81,0,15,0,america,mobile,card,1,0
9.99,37.69,0,11,0,europe,mobile,card,1,0
9.99,17.67,0,19,0,africa,desktop,card,0,0
9.99,33.34,0,12,1,america,mobile,card,1,0
19.99,19.16,0,17,1,africa,desktop,paypal,1,1
19.99,19.30,0,7,0,america,mobile,card,1,0
29.99,31.00,0,7,0,america,mobile,card,1,0
29.99,10.47,1,12,1,europe,tablet,card,1,0
19.99,21.70,0,15,0,asia,mobile,card,1,0
49.99,35.95,1,11,0,europe,mobile,card,0,0
19.99,10.12,2,9,1,asia,mobile,card,0,0
29.99,28.57,1,13,0,europe,desktop,card,1,0
9.99,13.20,0,8,0,europe,mobile,paypal,1,0
29.99,16.59,1,10,0,europe,mobile,paypal,1,0
49.99,27.87,1,23,0,america,mobile,paypal,0,0
49.99,31.15,2,11,0,europe,desktop,paypal,1,1
19.99,30.99,1,1,1,america,desktop,card,0,1
49.99,22.30,1,6,0,europe,mobile,crypto,1,0
19.99,0.00,3,9,0,america,desktop,card,1,1
19.99,9.24,1,17,0,europe,desktop,card,1,1
49.99,16.51,0,1,1,asia,desktop,paypal,1,0
49.99,16.58,1,16,0,asia,mobile,card,0,0
49.99,11.69,0,7,0,america,mobile,paypal,0,1
9.99,16.41,1,12,0,asia,mobile,card,0,1
49.99,5.98,1,7,0,america,mobile,card,1,0
29.99,6.32,0,3,1,europe,mobile,card,0,0
29.99,13.23,1,5,1,africa,tablet,card,0,0
29.99,15.06,1,32,1,europe,mobile,card,1,0
9.99,10.50,0,22,0,america,mobile,card,1,0
49.99,12.63,0,6,0,europe,mobile,card,1,0
19.99,18.54,1,23,1,asia,desktop,card,0,0
29.99,35.99,0,1,0,europe,mobile,card,1,0
19.99,27.06,1,15,0,africa,mobile,paypal,1,0
29.99,15.00,0,4,0,europe,mobile,card,1,0
19.99,43.18,0,18,0,america,mobile,card,0,0
49.99,16.39,0,22,0,america,mobile,card,0,0
19.99,15.36,1,11,0,asia,mobile,card,1,0
29.99,30.21,0,18,0,america,desktop,card,0,0
29.99,1.20,0,19,0,africa,tablet,card,1,0
9.99,22.35,1,15,0,america,desktop,card,1,0
9.99,5.24,1,5,1,europe,desktop,card,0,1
29.99,24.87,0,24,0,europe,mobile,card,1,0
9.99,37.14,1,1,0,europe,mobile,card,1,0
19.99,7.32,0,18,0,asia,mobile,card,0,1
49.99,39.02,2,13,0,europe,desktop,card,1,1
29.99,0.15,1,18,0,america,tablet,paypal,0,0
29.99,34.78,1,13,0,europe,mobile,card,0,0
29.99,19.37,2,18,0,europe,desktop,card,0,0
19.99,38.47,1,4,0,europe,desktop,card,0,0
19.99,5.61,3,1,0,europe,mobile,card,1,1
9.99,5.96,0,3,0,europe,mobile,card,0,1
9.99,6.14,0,20,0,europe,desktop,card,0,0
49.99,4.02,0,1,0,asia,desktop,paypal,1,1
29.99,10.75,0,10,0,africa,mobile,paypal,0,1
49.99,23.74,0,10,0,asia,tablet,paypal,0,0
19.99,32.36,0,19,1,america,mobile,card,0,1
29.99,14.19,1,16,0,america,mobile,card,1,0
9.99,19.06,0,1,0,europe,mobile,card,1,0
19.99,32.69,0,18,0,america,mobile,card,0,1
29.99,34.84,0,10,0,europe,mobile,card,0,0
19.99,24.71,0,12,1,asia,mobile,card,1,1
19.99,24.17,1,14,1,europe,desktop,card,1,0
49.99,44.63,1,7,0,america,desktop,card,1,0
9.99,14.32,0,13,0,europe,mobile,card,1,0
49.99,17.04,1,1,0,europe,desktop,paypal,1,0
29.99,34.90,0,15,0,asia,desktop,paypal,1,1
29.99,25.92,2,10,0,europe,mobile,card,1,0
29.99,19.87,1,7,1,asia,mobile,card,1,0
9.99,12.25,0,24,0,europe,mobile,card,0,0
49.99,27.19,0,1,0,africa,tablet,paypal,0,0
9.99,28.56,1,25,2,america,desktop,card,0,1
29.99,18.12,1,17,0,america,desktop,paypal,1,0
19.99,0.00,0,4,0,america,desktop,card,1,1
49.99,17.63,2,15,1,europe,mobile,card,1,1
19.99,30.27,1,16,0,asia,tablet,card,1,1
29.99,22.49,2,10,0,asia,mobile,card,1,0
9.99,15.16,1,14,0,america,mobile,card,1,0
49.99,39.16,1,23,0,asia,mobile,card,0,0
29.99,20.06,0,7,0,asia,desktop,card,1,0
29.99,9.11,0,13,2,europe,desktop,paypal,1,1
9.99,14.34,0,19,1,america,mobile,card,0,0
29.99,15.99,1,25,1,africa,desktop,card,1,0
49.99,8.84,1,16,0,africa,mobile,card,1,0
49.99,11.57,0,20,0,asia,mobile,card,1,0
9.99,6.84,0,18,0,europe,mobile,card,1,0
49.99,1.10,0,14,0,europe,desktop,card,0,0
29.99,22.46,1,22,0,asia,desktop,card,1,0
49.99,15.15,0,6,0,africa,mobile,card,0,1
9.99,15.77,0,3,0,europe,desktop,crypto,0,0
9.99,2.63,1,25,0,america,desktop,card,1,0
49.99,15.36,1,15,0,america,desktop,card,1,0
29.99,24.69,1,5,0,europe,desktop,card,0,0
29.99,11.61,2,7,1,europe,mobile,card,1,0
9.99,21.74,1,7,0,africa,mobile,card,1,0
29.99,30.22,2,19,1,america,mobile,card,0,0
19.99,13.31,0,9,0,africa,mobile,card,1,0
19.99,9.93,0,4,0,africa,desktop,paypal,1,0
49.99,44.14,1,8,0,europe,mobile,paypal,0,0
29.99,7.02,1,11,0,america,desktop,paypal,0,0
29.99,14.83,0,17,0,europe,mobile,card,0,0
9.99,8.51,1,12,1,europe,tablet,paypal,1,0
19.99,33.27,1,8,0,europe,desktop,card,0,0
9.99,21.96,1,12,0,europe,desktop,card,0,1
49.99,23.11,1,15,1,europe,mobile,card,1,0
9.99,17.97,0,5,0,america,desktop,crypto,1,0
29.99,13.77,1,2,0,africa,mobile,paypal,1,0
29.99,16.58,0,12,0,europe,desktop,card,1,0
49.99,17.93,0,16,0,america,desktop,card,1,0
29.99,11.22,0,8,0,europe,desktop,card,1,0
49.99,24.36,0,8,0,africa,tablet,card,0,0
29.99,21.04,1,25,0,europe,mobile,paypal,0,0
29.99,11.08,1,1,0,asia,tablet,card,0,0
29.99,35.49,1,15,1,europe,mobile,card,0,0
19.99,24.07,0,6,0,europe,mobile,paypal,0,0
9.99,21.94,0,24,0,europe,tablet,card,1,1
29.99,18.44,1,15,0,europe,desktop,card,0,0
19.99,29.38,0,2,0,asia,mobile,card,0,0
29.99,17.96,0,14,0,america,desktop,crypto,1,0
19.99,24.52,2,5,0,america,desktop,card,0,1
9.99,13.38,0,16,0,america,mobile,crypto,1,0
9.99,39.67,0,7,1,europe,mobile,card,1,1
9.99,2.45,0,13,0,africa,desktop,crypto,0,0
49.99,24.62,0,31,0,europe,mobile,card,1,0
49.99,27.78,0,8,1,europe,mobile,card,1,0
29.99,5.74,0,16,1,africa,desktop,paypal,1,1
19.99,21.72,1,22,0,america,desktop,card,0,0
29.99,33.20,0,13,0,africa,mobile,paypal,0,1
49.99,37.40,2,27,0,america,mobile,card,1,0
49.99,15.65,0,21,0,asia,mobile,card,1,0
29.99,19.98,0,20,2,america,mobile,card,1,0
9.99,12.39,1,15,0,europe,mobile,card,0,0
19.99,24.20,0,7,0,asia,tablet,card,0,0
19.99,23.59,0,21,0,europe,mobile,card,1,0
29.99,12.83,1,14,0,africa,tablet,paypal,0,0
9.99,20.56,0,14,1,europe,desktop,card,1,1
9.99,22.02,0,24,0,europe,mobile,card,1,0
9.99,15.88,1,9,0,africa,mobile,card,0,0
9.99,15.76,2,15,0,america,mobile,card,0,0
19.99,28.46,1,13,0,america,desktop,paypal,1,0
19.99,20.95,1,8,0,africa,desktop,card,1,0
19.99,15.44,1,19,1,america,desktop,paypal,0,0
19.99,34.13,1,15,0,europe,mobile,card,0,0
49.99,13.36,1,4,0,europe,mobile,paypal,0,0
19.99,19.40,2,1,0,america,desktop,card,1,1
29.99,17.97,1,8,0,africa,desktop,card,0,1
29.99,16.25,2,15,0,america,mobile,card,0,0
19.99,29.50,2,12,0,america,mobile,paypal,1,0
9.99,22.95,0,14,2,asia,mobile,card,1,0
19.99,29.22,0,23,1,america,desktop,card,0,0
29.99,10.65,1,3,0,europe,desktop,card,1,0
29.99,24.17,2,9,0,america,mobile,card,1,0
19.99,15.43,1,2,0,europe,mobile,card,0,1
49.99,31.71,2,16,0,asia,desktop,paypal,1,1
29.99,3.01,0,7,0,asia,desktop,card,0,1
29.99,37.30,0,26,0,europe,desktop,card,1,0
49.99,20.38,0,34,1,america,mobile,card,0,0
49.99,7.44,1,16,0,america,mobile,card,1,0
29.99,24.14,0,23,1,europe,mobile,card,0,1
49.99,2.31,0,5,0,africa,mobile,card,1,0
9.99,15.55,0,12,0,america,tablet,card,1,0
29.99,13.51,0,1,0,europe,mobile,paypal,0,0
9.99,21.34,1,7,0,europe,mobile,card,1,0
29.99,23.82,0,17,0,asia,mobile,card,0,0
19.99,24.33,2,5,0,asia,mobile,paypal,0,0
29.99,12.58,1,19,0,europe,mobile,paypal,1,0
49.99,9.24,0,16,1,asia,mobile,card,1,1
19.99,17.85,1,1,0,america,mobile,paypal,1,0
9.99,21.38,1,1,0,asia,mobile,paypal,1,0
49.99,39.89,2,18,0,europe,mobile,card,0,0
9.99,20.15,1,13,0,europe,desktop,card,0,0
19.99,25.13,1,27,0,asia,mobile,card,0,0
19.99,27.61,0,1,0,africa,desktop,paypal,0,0
29.99,11.35,1,17,0,asia,mobile,card,1,0
19.99,23.71,0,26,1,africa,desktop,card,1,0
19.99,17.03,0,5,0,africa,mobile,card,1,0
49.99,16.93,0,13,0,asia,desktop,paypal,1,0
9.99,18.48,0,9,0,africa,desktop,paypal,1,0
19.99,26.94,0,2,0,america,mobile,card,0,0
19.99,22.86,0,1,0,africa,mobile,paypal,1,0
9.99,10.73,0,10,0,europe,desktop,paypal,1,0
49.99,18.80,0,18,0,america,desktop,paypal,1,0
29.99,23.53,1,15,1,europe,mobile,card,1,0
9.99,11.08,2,10,0,america,tablet,card,1,0
9.99,29.85,1,29,0,asia,desktop,crypto,1,0
19.99,0.00,0,21,0,europe,mobile,card,1,0
19.99,1.67,0,1,0,africa,desktop,paypal,1,0
29.99,31.81,1,7,0,europe,mobile,card,0,0
49.99,31.36,0,5,0,europe,mobile,card,1,0
49.99,23.85,1,1,1,africa,desktop,paypal,0,0
9.99,22.52,0,2,0,asia,desktop,card,0,0
29.99,15.34,1,18,2,asia,mobile,card,1,1
49.99,13.40,0,25,0,america,desktop,card,1,0
29.99,32.93,0,7,0,europe,mobile,card,0,0
29.99,23.20,0,19,0,america,mobile,card,1,0
19.99,39.92,2,21,0,europe,mobile,card,0,1
49.99,24.17,2,12,0,europe,desktop,paypal,0,0
19.99,6.79,2,16,0,europe,desktop,paypal,1,0
29.99,25.75,2,11,0,america,mobile,card,1,0
49.99,19.97,1,11,0,america,mobile,card,1,1
19.99,29.46,0,14,0,africa,mobile,card,0,0
29.99,17.19,2,15,0,america,desktop,crypto,1,0
19.99,17.32,0,8,0,europe,mobile,card,0,1
49.99,11.96,0,18,1,europe,tablet,paypal,1,0
29.99,21.63,1,21,1,europe,mobile,card,0,1
49.99,24.75,1,16,0,europe,desktop,card,0,1
19.99,13.39,0,17,1,europe,mobile,card,1,1
19.99,18.57,0,28,0,america,mobile,card,1,0
9.99,30.56,0,21,0,europe,desktop,card,1,0
49.99,4.22,1,7,0,europe,tablet,card,0,1
29.99,21.35,1,9,0,europe,mobile,card,0,0
29.99,26.86,1,9,0,europe,mobile,paypal,1,0
49.99,28.27,0,1,0,asia,mobile,card,1,0
19.99,21.34,1,17,1,america,desktop,paypal,1,0
49.99,13.95,1,4,0,asia,mobile,paypal,0,0
49.99,26.64,1,7,0,europe,mobile,card,1,0
49.99,14.39,0,24,0,america,desktop,card,0,1
29.99,0.27,1,24,1,europe,tablet,card,0,0
9.99,20.97,0,27,0,europe,desktop,card,0,0
19.99,28.28,0,22,0,europe,tablet,card,1,0
29.99,30.32,1,15,0,asia,mobile,card,1,0
49.99,17.48,0,15,0,europe,tablet,paypal,1,1
49.99,8.78,1,13,0,africa,mobile,card,1,0
9.99,43.79,0,1,0,africa,desktop,card,1,0
49.99,24.20,0,30,0,europe,desktop,card,0,0
29.99,5.69,0,28,0,asia,mobile,paypal,1,0
9.99,0.00,1,17,0,europe,mobile,card,1,0
49.99,15.15,0,27,0,africa,mobile,card,1,0
49.99,18.03,1,6,0,europe,desktop,paypal,0,0
29.99,26.21,1,11,0,europe,mobile,card,0,0
29.99,33.71,0,16,0,america,mobile,card,1,0
19.99,23.60,0,13,0,america,desktop,card,1,0
49.99,13.90,0,6,0,europe,mobile,paypal,0,1
9.99,37.71,1,12,0,europe,mobile,card,1,0
49.99,14.94,0,9,1,america,mobile,card,1,1
19.99,18.29,3,7,0,europe,desktop,card,0,0
19.99,27.43,2,2,0,asia,mobile,card,0,0
9.99,5.22,0,11,1,europe,mobile,card,0,0
49.99,34.90,1,11,0,america,mobile,card,0,0
9.99,5.38,0,8,0,america,mobile,card,1,0
19.99,20.84,1,9,0,america,mobile,paypal,0,0
49.99,14.71,1,12,0,europe,mobile,card,0,0
49.99,12.90,1,19,0,europe,tablet,card,1,0
29.99,18.91,1,6,0,africa,mobile,card,1,0
49.99,2.07,1,1,0,europe,mobile,crypto,0,0
19.99,22.23,3,14,0,europe,mobile,card,0,0
49.99,9.67,0,4,0,europe,desktop,card,1,0
9.99,10.18,1,13,0,europe,desktop,card,0,0
29.99,7.65,0,9,0,europe,mobile,card,0,1
19.99,22.93,0,1,0,europe,desktop,card,1,0
49.99,0.00,1,24,0,europe,mobile,card,0,0
29.99,22.01,0,12,1,europe,desktop,card,1,0
29.99,11.36,1,15,0,america,mobile,paypal,0,0
9.99,19.40,0,13,0,america,mobile,paypal,1,0
19.99,19.31,1,6,0,europe,desktop,crypto,1,0
19.99,5.99,0,16,0,europe,desktop,card,1,1
9.99,34.32,2,4,0,europe,desktop,card,0,0
49.99,26.02,2,12,0,europe,desktop,card,1,0
19.99,0.00,1,14,0,europe,desktop,card,1,0
9.99,5.78,1,1,0,asia,desktop,card,1,0
19.99,15.31,1,17,0,europe,desktop,card,1,0
19.99,17.09,1,13,0,africa,mobile,card,1,0
49.99,36.91,1,1,0,america,mobile,card,1,1
49.99,35.54,1,5,0,america,mobile,card,1,0
29.99,19.05,1,1,1,america,mobile,card,0,0
29.99,9.64,1,23,0,america,mobile,card,1,1
19.99,24.00,2,11,0,america,desktop,paypal,1,1
19.99,1.03,0,11,1,europe,mobile,card,1,0
49.99,17.92,0,1,1,africa,mobile,card,0,0
19.99,24.21,1,14,0,europe,mobile,card,1,0
19.99,27.85,1,1,0,america,mobile,card,0,1
9.99,26.81,0,10,2,america,desktop,card,0,0
9.99,36.93,0,13,0,america,mobile,paypal,0,0
9.99,16.66,0,11,0,europe,desktop,card,1,0
49.99,20.74,1,21,0,africa,desktop,paypal,0,0
29.99,27.87,1,16,0,asia,mobile,card,0,0
49.99,5.48,0,15,0,america,mobile,card,1,0
19.99,4.93,2,10,0,europe,desktop,card,1,0
29.99,20.61,0,4,0,america,mobile,crypto,1,0
19.99,15.31,1,1,0,america,mobile,card,1,0
19.99,9.86,0,14,0,america,mobile,paypal,1,0
9.99,29.18,0,22,0,asia,mobile,card,1,0
19.99,12.91,0,4,0,america,mobile,paypal,1,0
19.99,5.26,0,2,0,europe,desktop,card,0,0
9.99,40.67,0,14,0,africa,desktop,card,0,0
19.99,15.65,0,12,0,europe,mobile,card,0,1
29.99,15.19,1,23,0,europe,mobile,card,1,0
49.99,11.14,0,2,0,asia,mobile,card,1,0
9.99,8.24,1,26,0,america,tablet,card,0,0
9.99,7.63,1,23,0,america,tablet,card,0,1
49.99,28.41,1,14,0,europe,mobile,card,1,0
9.99,29.96,0,3,0,america,mobile,paypal,0,1
9.99,16.28,0,17,0,europe,mobile,card,1,0
9.99,23.63,2,25,0,america,tablet,paypal,1,0
29.99,28.79,0,1,0,america,tablet,card,1,1
9.99,11.16,1,11,0,asia,desktop,card,1,0
29.99,5.67,1,15,0,america,desktop,card,1,0
19.99,24.31,1,1,0,asia,tablet,card,1,1
19.99,15.68,0,17,0,europe,desktop,card,1,0
9.99,31.24,1,11,0,america,mobile,paypal,0,0
19.99,14.13,0,13,0,asia,desktop,paypal,1,0
19.99,22.41,0,1,0,asia,mobile,paypal,0,0
19.99,24.81,0,12,0,europe,mobile,card,0,0
49.99,4.24,0,11,0,america,desktop,paypal,0,0
19.99,20.66,2,8,0,asia,mobile,card,0,0
9.99,13.18,1,1,0,africa,mobile,card,1,0
49.99,10.15,0,20,0,america,tablet,card,0,0
49.99,12.02,2,21,0,america,mobile,card,0,0
19.99,11.61,3,20,0,europe,mobile,paypal,1,0
29.99,7.84,0,16,1,america,desktop,card,1,0
29.99,23.15,2,8,0,america,mobile,card,1,0
29.99,25.89,2,5,0,asia,mobile,card,1,0
9.99,19.58,3,20,0,europe,mobile,paypal,0,0
29.99,9.58,0,9,2,america,mobile,card,1,1
19.99,23.97,1,12,0,america,mobile,card,1,0
49.99,25.89,3,10,0,europe,desktop,card,1,0
29.99,28.40,0,12,0,asia,desktop,card,0,0
9.99,24.20,0,10,0,europe,mobile,card,0,0
49.99,3.71,0,17,0,europe,desktop,card,0,0
49.99,21.05,1,22,0,asia,desktop,card,0,0
29.99,24.16,2,1,0,europe,mobile,card,1,0
19.99,9.12,2,2,0,europe,desktop,card,1,0
19.99,15.33,0,1,1,africa,desktop,card,0,1
9.99,12.95,1,5,0,america,tablet,card,1,0
29.99,26.59,0,15,0,asia,mobile,card,1,1
49.99,8.85,2,27,1,europe,desktop,card,1,0
49.99,23.28,1,1,0,europe,mobile,card,1,0
9.99,4.30,0,23,0,america,mobile,card,1,1
9.99,22.34,0,11,0,europe,desktop,card,1,0
29.99,19.04,0,17,0,europe,desktop,paypal,1,1
9.99,15.25,1,1,0,europe,desktop,card,0,0
49.99,22.19,1,12,1,america,mobile,card,1,0
49.99,15.59,0,4,0,asia,tablet,paypal,1,0
49.99,20.12,0,4,0,asia,desktop,card,1,0
29.99,36.20,2,7,0,europe,mobile,paypal,1,0
19.99,7.29,1,12,0,america,mobile,card,0,0
29.99,8.83,1,1,0,asia,mobile,card,0,0
9.99,19.07,1,4,0,america,mobile,card,1,0
49.99,47.31,1,13,0,europe,mobile,card,1,1
29.99,31.10,1,6,0,asia,mobile,card,1,0
29.99,31.45,1,18,0,asia,desktop,card,0,0
9.99,25.77,0,15,0,america,desktop,card,1,0
19.99,28.20,1,10,0,europe,tablet,card,1,0
19.99,8.38,1,17,0,africa,mobile,card,0,0
19.99,0.00,1,20,0,europe,mobile,paypal,0,0
49.99,27.43,0,1,0,america,mobile,card,1,0
29.99,26.00,0,12,1,asia,mobile,paypal,1,0
49.99,32.70,1,13,0,america,mobile,paypal,1,0
49.99,38.89,0,8,0,asia,mobile,card,1,0
49.99,33.98,0,14,0,europe,mobile,card,1,0
29.99,24.64,0,13,1,asia,tablet,card,1,0
29.99,20.77,2,6,1,asia,desktop,card,1,0
19.99,8.72,0,29,1,america,desktop,crypto,1,1
19.99,15.04,2,4,0,america,desktop,card,1,0
9.99,32.83,1,23,0,america,mobile,card,1,0
9.99,19.10,1,13,0,america,mobile,card,0,0
9.99,12.88,1,10,1,europe,mobile,card,1,0
29.99,15.76,2,1,1,europe,tablet,card,1,1
19.99,19.21,0,27,0,europe,tablet,card,0,0
29.99,14.98,0,10,0,europe,desktop,paypal,1,0
19.99,31.58,0,6,0,europe,mobile,paypal,0,0
49.99,0.00,1,15,0,asia,desktop,paypal,0,0
19.99,37.47,1,19,0,asia,tablet,card,0,0
49.99,41.02,0,10,0,america,desktop,paypal,0,0
9.99,33.60,2,17,0,europe,desktop,paypal,0,0
49.99,44.45,0,3,0,asia,tablet,paypal,1,0
29.99,3.71,0,18,0,asia,desktop,paypal,1,0
49.99,31.75,0,12,0,asia,mobile,card,0,1
19.99,13.54,0,11,0,europe,mobile,paypal,1,1
9.99,37.40,0,9,1,asia,mobile,card,0,0
29.99,21.75,0,1,0,asia,mobile,paypal,0,0
49.99,11.72,0,6,0,america,mobile,card,0,1
19.99,34.71,0,15,0,europe,mobile,card,0,0
29.99,15.43,2,9,0,africa,desktop,paypal,1,0
29.99,24.79,0,8,0,america,desktop,card,1,0
29.99,22.08,0,16,0,america,mobile,card,1,0
9.99,25.94,0,6,1,america,mobile,crypto,0,0
29.99,30.74,0,1,0,america,mobile,card,0,0
9.99,36.34,0,21,0,america,mobile,card,1,0
9.99,26.29,1,10,0,america,mobile,card,0,1
29.99,22.73,0,17,0,asia,mobile,card,1,0
29.99,33.32,2,14,0,europe,mobile,card,1,0
29.99,1.70,0,7,0,africa,mobile,paypal,0,0
29.99,27.65,1,11,0,africa,mobile,paypal,0,0
9.99,17.09,1,11,1,america,mobile,card,0,0
29.99,13.63,2,12,0,europe,desktop,paypal,0,0
29.99,28.21,1,18,0,america,mobile,card,0,1
9.99,32.64,0,19,0,asia,mobile,card,1,0
19.99,25.28,1,5,0,america,desktop,card,1,0
19.99,18.58,0,9,0,asia,desktop,paypal,1,0
19.99,12.64,1,2,0,europe,desktop,card,1,0
49.99,26.97,0,12,1,europe,mobile,card,1,0
49.99,6.05,0,8,0,america,mobile,crypto,1,0
19.99,36.53,0,10,0,europe,mobile,crypto,1,0
9.99,20.80,0,16,0,europe,desktop,paypal,0,0
49.99,11.25,1,10,1,america,mobile,card,1,0
19.99,0.00,1,6,0,asia,mobile,paypal,0,0
29.99,21.38,1,10,0,europe,desktop,card,0,1
49.99,11.71,2,1,0,europe,mobile,card,1,1
19.99,27.27,1,6,0,africa,mobile,paypal,1,0
29.99,17.06,0,4,0,america,mobile,card,0,0
29.99,19.90,1,29,0,america,mobile,paypal,0,0
9.99,21.18,1,13,0,asia,mobile,card,1,0
49.99,19.87,2,2,0,america,tablet,card,1,0
19.99,26.84,0,16,0,america,mobile,card,1,0
9.99,36.96,2,13,1,europe,mobile,crypto,1,0
49.99,18.61,0,13,1,europe,mobile,card,1,0
49.99,23.47,0,21,0,europe,mobile,card,0,0
19.99,34.70,1,1,0,america,mobile,paypal,0,1
49.99,23.49,0,6,0,asia,mobile,card,0,0
19.99,24.47,1,10,0,europe,mobile,card,0,0
19.99,23.10,0,11,0,asia,desktop,card,0,0
29.99,5.63,0,8,1,europe,mobile,paypal,1,1
29.99,26.05,1,16,0,europe,mobile,card,1,0
19.99,18.77,2,1,0,africa,tablet,paypal,0,0
49.99,38.85,3,1,0,africa,mobile,card,0,1
29.99,2.07,0,16,0,europe,mobile,paypal,1,1
9.99,21.50,0,24,0,asia,desktop,card,1,0
19.99,25.95,1,22,0,europe,mobile,paypal,1,0
9.99,13.40,2,11,1,europe,mobile,card,0,1
19.99,18.63,0,17,0,asia,desktop,card,0,0
29.99,29.07,0,13,0,europe,desktop,card,0,1
29.99,28.39,2,9,0,america,mobile,paypal,1,0
29.99,33.21,1,13,0,europe,mobile,card,1,0
29.99,20.12,0,24,1,america,mobile,card,1,0
9.99,30.91,2,9,1,europe,mobile,card,1,1
9.99,27.78,1,12,1,europe,mobile,card,1,0
9.99,20.51,1,11,0,europe,desktop,card,0,0
49.99,18.38,0,20,0,asia,mobile,card,0,0
29.99,20.42,0,3,0,africa,tablet,card,1,0
9.99,38.02,0,11,1,america,tablet,paypal,1,0
19.99,9.17,0,16,0,europe,desktop,card,0,0
19.99,22.07,1,8,0,europe,mobile,card,0,0
49.99,19.40,1,21,0,europe,desktop,paypal,1,1
29.99,37.68,2,14,0,africa,mobile,card,0,0
9.99,26.84,2,10,0,asia,mobile,card,0,0
9.99,11.58,1,16,0,asia,tablet,card,0,1
19.99,18.85,0,3,0,europe,tablet,card,0,0
9.99,15.79,0,9,1,africa,mobile,card,1,0
29.99,24.19,2,1,0,europe,desktop,paypal,0,1
49.99,4.23,0,14,0,america,mobile,card,0,1
19.99,29.52,2,14,0,asia,mobile,card,1,0
49.99,20.47,0,5,0,asia,mobile,card,0,0
9.99,25.81,0,26,0,asia,mobile,card,1,0
9.99,20.34,1,1,0,europe,mobile,crypto,1,0
49.99,37.91,0,8,0,america,mobile,paypal,1,0
9.99,29.83,0,8,0,europe,mobile,card,1,1
19.99,20.42,0,18,1,africa,desktop,card,1,0
29.99,17.91,1,11,0,america,desktop,card,1,0
9.99,26.77,0,13,0,asia,mobile,card,0,1
9.99,23.91,1,12,0,europe,mobile,crypto,1,0
49.99,9.05,1,17,0,europe,desktop,card,0,1
19.99,20.84,0,10,0,asia,mobile,card,1,0
49.99,8.58,1,21,0,africa,desktop,card,0,1
29.99,20.79,0,3,0,europe,mobile,card,0,0
19.99,14.23,1,5,0,europe,mobile,card,0,1
9.99,0.00,0,9,0,europe,mobile,paypal,0,0
29.99,14.78,0,12,0,america,desktop,paypal,1,0
29.99,26.93,0,12,0,america,desktop,paypal,1,0
19.99,10.68,0,1,1,europe,mobile,card,1,0
29.99,3.93,0,24,0,america,mobile,paypal,0,1
19.99,21.74,0,1,0,europe,desktop,card,1,1
9.99,9.97,1,20,0,europe,mobile,card,0,1
19.99,13.24,2,21,0,america,mobile,card,1,1
29.99,30.04,0,28,0,europe,mobile,card,0,0
19.99,5.89,1,7,0,america,mobile,card,1,0
9.99,26.20,0,1,0,europe,desktop,paypal,0,0
29.99,0.00,0,12,0,europe,mobile,card,1,0
29.99,24.67,0,24,0,america,mobile,paypal,1,0
49.99,2.39,0,1,2,europe,tablet,card,1,1
19.99,23.55,0,27,0,europe,mobile,card,0,0
29.99,17.33,0,11,0,asia,mobile,card,1,0
49.99,11.19,0,19,0,america,mobile,paypal,1,0
49.99,28.29,2,7,0,asia,desktop,card,1,0
9.99,19.70,0,5,0,europe,mobile,card,0,0
29.99,43.25,1,9,0,africa,mobile,card,1,0
29.99,5.51,2,17,2,asia,mobile,paypal,1,1
19.99,18.23,0,16,0,europe,mobile,paypal,0,0
49.99,6.95,1,9,0,europe,mobile,card,1,1
9.99,19.09,0,9,0,america,mobile,card,0,0
29.99,27.34,0,13,0,europe,mobile,card,1,0
49.99,16.96,0,12,0,europe,mobile,card,0,0
19.99,25.25,1,1,0,europe,mobile,paypal,1,0
49.99,21.07,2,19,0,asia,desktop,paypal,1,0
29.99,12.37,1,4,0,america,mobile,paypal,1,0
49.99,6.41,0,1,0,asia,tablet,card,1,0
19.99,21.13,0,12,0,europe,desktop,card,1,0
19.99,28.57,1,17,0,america,mobile,card,1,0
19.99,18.66,0,12,0,africa,mobile,card,0,0
9.99,8.44,0,9,0,america,mobile,paypal,0,0
19.99,22.16,0,10,0,america,desktop,card,1,0
29.99,11.70,0,23,1,europe,desktop,card,0,0
29.99,11.99,2,1,0,america,mobile,card,1,0
19.99,28.02,0,7,0,america,desktop,card,0,0
9.99,23.53,0,1,0,asia,mobile,card,1,0
49.99,4.09,0,20,1,europe,mobile,card,0,0
29.99,19.85,0,4,0,america,mobile,card,0,0
29.99,20.35,0,10,0,asia,mobile,card,1,0
19.99,21.62,0,7,0,africa,mobile,card,1,0
29.99,22.96,1,23,0,america,desktop,paypal,0,0
19.99,0.00,0,8,0,asia,mobile,card,0,1
29.99,16.00,0,20,2,europe,tablet,card,0,1
19.99,12.43,2,10,0,america,tablet,card,0,0
9.99,31.07,0,11,1,america,mobile,card,0,0
29.99,23.23,0,15,1,europe,desktop,card,1,0
9.99,31.59,0,14,0,america,mobile,card,0,1
29.99,22.12,1,7,1,europe,mobile,card,0,0
19.99,24.68,0,17,0,europe,mobile,paypal,1,0
29.99,25.45,0,21,0,europe,desktop,card,0,0
49.99,1.83,0,19,1,asia,mobile,paypal,1,0
29.99,15.30,1,1,0,america,mobile,paypal,0,0
49.99,0.00,2,18,0,asia,desktop,card,1,0
19.99,10.93,1,5,1,america,mobile,card,1,0
29.99,24.49,0,9,1,europe,desktop,card,1,0
29.99,42.93,1,14,0,europe,mobile,card,1,0
9.99,25.12,0,23,0,america,desktop,paypal,1,1
29.99,7.94,1,6,0,america,desktop,card,1,0
49.99,9.52,1,11,0,africa,desktop,paypal,1,0
49.99,18.41,0,1,0,europe,desktop,crypto,0,0
29.99,26.41,3,1,0,europe,mobile,paypal,0,1
9.99,29.58,1,20,0,america,desktop,card,0,0
19.99,10.00,1,14,1,europe,mobile,paypal,1,0
49.99,22.80,1,6,1,europe,tablet,card,1,1
19.99,35.53,0,6,1,asia,desktop,card,1,0
19.99,18.72,0,7,0,asia,mobile,card,1,0
19.99,5.12,1,14,1,asia,mobile,paypal,1,1
19.99,8.54,0,2,0,america,tablet,paypal,0,0
9.99,15.33,0,6,0,europe,desktop,paypal,1,0
19.99,9.88,3,11,0,america,mobile,paypal,1,1
49.99,14.09,3,6,0,europe,desktop,paypal,0,0
19.99,30.66,0,18,0,europe,mobile,card,1,0
49.99,21.35,0,10,0,america,desktop,card,0,0
19.99,21.63,1,2,0,europe,mobile,paypal,0,1
19.99,29.61,2,11,1,america,tablet,paypal,1,0
49.99,15.98,1,11,0,europe,mobile,card,0,0
9.99,26.81,0,15,0,europe,mobile,crypto,1,0
9.99,27.77,0,8,0,europe,desktop,card,1,0
9.99,25.63,1,1,0,america,mobile,card,1,0
49.99,16.58,2,9,0,america,tablet,card,0,1
49.99,41.83,2,13,0,europe,mobile,card,1,0
49.99,5.88,1,14,0,america,desktop,card,1,1
19.99,33.39,1,16,0,europe,desktop,card,1,0
19.99,32.67,1,5,0,asia,desktop,card,0,0
9.99,30.34,2,13,0,europe,mobile,card,1,0
9.99,12.11,0,19,1,europe,mobile,paypal,1,0
29.99,16.60,0,24,0,america,desktop,card,0,0
19.99,22.42,0,18,0,europe,mobile,card,1,0
29.99,10.41,0,12,0,america,mobile,card,0,0
19.99,43.03,0,5,0,europe,mobile,card,1,0
9.99,5.02,1,19,0,asia,mobile,card,0,0
9.99,15.73,1,21,0,america,desktop,card,0,0
19.99,21.72,1,1,1,africa,mobile,paypal,1,0
29.99,13.10,0,1,0,europe,mobile,paypal,0,1
9.99,31.89,2,11,0,europe,mobile,card,0,1
19.99,41.71,1,14,0,europe,mobile,paypal,1,0
9.99,8.40,0,16,0,asia,mobile,card,0,0
9.99,13.58,1,20,0,europe,mobile,card,1,1
29.99,12.09,1,10,0,america,mobile,paypal,1,0
19.99,8.46,2,8,0,america,mobile,card,1,0
29.99,24.70,2,15,0,asia,desktop,paypal,1,0
49.99,28.24,0,16,0,europe,mobile,card,0,1
9.99,30.08,0,5,0,europe,mobile,paypal,0,1
49.99,17.42,0,11,0,america,mobile,card,0,1
29.99,12.23,0,5,0,europe,mobile,card,0,1
29.99,11.83,0,1,0,america,mobile,card,1,1
49.99,7.18,0,15,0,asia,mobile,card,1,1
19.99,0.00,1,1,0,europe,desktop,paypal,1,1
29.99,0.88,0,20,0,europe,desktop,paypal,1,0
19.99,31.07,1,1,0,asia,mobile,card,1,1
9.99,9.99,0,11,1,africa,mobile,crypto,1,0
49.99,37.33,0,19,0,europe,desktop,card,1,0
9.99,27.79,0,30,0,america,mobile,card,0,0
29.99,3.80,0,14,2,africa,mobile,paypal,1,1
9.99,19.82,1,3,0,europe,desktop,paypal,1,1
49.99,32.13,1,16,0,america,desktop,card,0,0
49.99,8.97,0,1,0,asia,tablet,paypal,1,0
29.99,29.02,1,10,0,america,desktop,card,1,1
19.99,23.62,1,21,0,asia,mobile,card,1,0
49.99,25.95,2,25,0,america,mobile,card,1,0
29.99,29.74,0,11,1,europe,mobile,card,1,0
19.99,29.31,0,12,0,asia,mobile,card,1,0
19.99,18.99,2,10,0,europe,mobile,crypto,1,0
49.99,16.99,0,26,0,europe,mobile,crypto,1,0
19.99,9.49,2,1,0,africa,desktop,paypal,1,1
49.99,27.21,0,14,0,europe,mobile,card,1,0
9.99,27.98,0,24,0,asia,mobile,card,1,0
19.99,17.39,0,13,0,america,mobile,paypal,0,0
9.99,20.73,0,11,1,america,desktop,card,0,0
49.99,7.71,1,14,0,europe,mobile,crypto,0,0
19.99,32.26,0,21,0,america,mobile,paypal,1,0
49.99,15.83,0,8,1,asia,desktop,paypal,1,0
29.99,21.05,0,15,0,asia,mobile,paypal,0,0
19.99,16.80,0,9,0,europe,mobile,card,1,0
49.99,22.31,1,1,0,europe,mobile,card,1,1
49.99,22.24,1,6,0,america,mobile,crypto,1,1
49.99,35.15,0,9,2,america,desktop,card,1,0
49.99,19.87,1,13,0,asia,mobile,paypal,1,0
49.99,21.74,0,9,0,america,desktop,card,1,0
29.99,19.48,2,8,0,america,desktop,card,1,0
29.99,12.66,0,12,0,africa,mobile,paypal,1,0
19.99,37.42,0,1,1,america,mobile,card,0,0
49.99,24.00,1,7,2,europe,tablet,paypal,0,1
49.99,21.11,0,20,0,europe,mobile,crypto,1,0
19.99,21.35,1,1,0,europe,tablet,paypal,0,1
19.99,30.24,0,11,0,america,mobile,paypal,0,1
29.99,22.24,2,6,0,europe,mobile,card,0,1
29.99,34.01,0,7,0,asia,mobile,card,1,0
29.99,26.86,0,12,0,europe,desktop,card,1,0
49.99,17.04,1,17,1,europe,tablet,card,0,0
49.99,14.24,0,13,0,asia,desktop,paypal,1,0
19.99,17.51,1,18,0,europe,mobile,card,1,0
9.99,21.18,0,16,0,america,mobile,paypal,1,0
19.99,14.30,2,15,0,america,mobile,card,1,1
9.99,4.22,0,4,0,europe,tablet,paypal,1,1
29.99,19.59,2,8,0,europe,mobile,paypal,0,0
49.99,14.41,0,9,0,europe,desktop,paypal,0,0
19.99,16.82,0,1,0,asia,mobile,card,1,0
49.99,32.21,0,14,0,america,mobile,card,0,0
19.99,22.46,0,18,0,europe,mobile,paypal,0,0
49.99,18.48,0,15,0,asia,mobile,card,1,0
9.99,22.85,1,5,0,europe,tablet,card,0,1
19.99,8.04,0,22,0,africa,mobile,card,0,1
19.99,20.29,1,20,0,asia,mobile,card,1,0
49.99,18.88,0,1,0,europe,mobile,card,1,0
29.99,33.05,0,9,0,asia,mobile,card,1,0
19.99,22.91,1,19,0,america,desktop,card,1,0
9.99,3.91,1,12,0,america,mobile,card,0,1
9.99,9.43,2,20,0,america,mobile,card,1,0
49.99,27.29,0,14,0,america,tablet,card,1,0
29.99,31.14,1,21,0,america,mobile,card,1,0
19.99,8.60,1,10,0,asia,mobile,card,1,0
9.99,7.73,0,2,0,america,mobile,card,0,0
9.99,13.67,1,7,0,asia,mobile,card,1,0
19.99,36.78,2,23,1,america,mobile,paypal,0,0
19.99,13.80,1,25,1,america,tablet,card,0,0
49.99,12.31,1,15,0,asia,mobile,card,0,0
49.99,5.97,0,21,0,america,mobile,card,0,0
19.99,14.26,1,24,1,europe,mobile,card,0,0
29.99,18.27,0,15,0,asia,desktop,card,0,1
49.99,20.96,0,14,0,america,mobile,paypal,0,1
9.99,29.31,1,27,0,asia,tablet,card,1,0
49.99,31.81,0,21,0,america,desktop,card,1,0
19.99,24.14,1,8,0,africa,mobile,paypal,1,0
29.99,23.69,1,16,0,america,desktop,card,1,0
9.99,5.18,0,14,0,america,mobile,card,1,0
29.99,22.61,2,12,0,asia,mobile,card,1,0
29.99,19.59,0,1,0,america,desktop,paypal,1,0
29.99,17.75,0,3,0,asia,mobile,card,1,0
29.99,25.22,1,25,0,asia,desktop,crypto,0,0
19.99,26.65,0,8,1,europe,desktop,paypal,1,0
19.99,12.34,2,7,0,europe,mobile,card,0,0
29.99,8.73,1,16,0,america,mobile,card,1,0
49.99,30.28,1,15,1,africa,tablet,paypal,0,0
29.99,28.57,0,14,2,america,desktop,paypal,1,1
9.99,18.39,1,19,0,america,mobile,card,1,0
49.99,26.95,2,11,0,europe,tablet,paypal,1,1
29.99,18.20,0,1,0,europe,mobile,card,0,0
9.99,7.73,0,21,1,america,mobile,card,0,1
9.99,8.42,1,18,0,africa,mobile,paypal,0,0
9.99,16.84,0,23,0,africa,mobile,crypto,1,0
9.99,24.27,1,14,1,europe,desktop,crypto,0,0
29.99,0.43,1,7,1,europe,desktop,card,1,1
19.99,7.68,1,23,0,asia,mobile,card,1,0
9.99,47.17,1,9,1,europe,mobile,paypal,1,0
9.99,29.25,1,27,0,asia,mobile,card,0,1
29.99,4.67,0,35,0,europe,desktop,paypal,0,1
19.99,32.82,0,10,0,europe,mobile,card,1,0
9.99,13.78,0,1,1,america,mobile,card,0,0
9.99,23.76,0,21,0,america,mobile,paypal,1,0
29.99,14.59,2,27,0,europe,mobile,card,0,0
29.99,16.70,1,1,0,europe,mobile,card,1,0
19.99,17.52,2,11,1,america,desktop,card,0,1
19.99,13.02,2,23,0,europe,mobile,paypal,1,0
29.99,20.51,2,21,0,asia,mobile,card,0,1
49.99,14.50,1,24,1,europe,desktop,crypto,0,0
49.99,14.26,2,13,0,america,desktop,card,1,0
19.99,4.23,1,12,0,america,mobile,card,1,1
49.99,31.87,0,24,1,europe,desktop,paypal,1,0
9.99,24.47,1,15,0,america,desktop,card,1,0
9.99,0.00,0,9,0,asia,mobile,paypal,1,1
29.99,13.75,2,9,0,asia,mobile,crypto,1,0
49.99,17.17,0,35,1,europe,mobile,card,0,0
19.99,45.37,2,8,0,africa,mobile,card,1,0
29.99,29.76,0,16,0,america,mobile,card,1,0
29.99,6.36,0,15,0,america,mobile,card,1,0
29.99,10.88,0,26,0,america,mobile,crypto,0,0
19.99,15.48,0,10,0,europe,desktop,crypto,1,0
19.99,21.03,1,10,0,america,mobile,paypal,1,0
9.99,33.56,0,3,0,america,mobile,card,1,0
9.99,10.08,2,13,1,asia,mobile,paypal,1,0
19.99,21.70,0,1,0,europe,desktop,paypal,0,1
29.99,10.13,1,15,0,america,mobile,card,0,0
29.99,29.03,1,17,1,america,mobile,card,1,0
29.99,2.74,2,20,0,africa,mobile,crypto,0,1
19.99,12.93,0,20,0,europe,mobile,card,1,0
29.99,19.15,1,19,0,europe,mobile,paypal,0,0
29.99,34.41,1,5,0,europe,mobile,card,0,1
29.99,27.54,0,14,0,africa,desktop,paypal,1,0
19.99,29.67,1,1,0,europe,desktop,paypal,1,0
9.99,18.54,0,15,0,europe,desktop,card,0,0
29.99,22.35,2,17,0,america,tablet,card,1,0
29.99,15.24,0,12,0,africa,tablet,card,0,1
29.99,27.11,0,5,0,america,mobile,card,0,0
29.99,2.17,1,1,1,america,tablet,paypal,0,0
29.99,28.94,0,12,1,asia,desktop,card,0,0
49.99,23.52,0,13,0,europe,mobile,card,1,0
29.99,40.96,0,17,0,europe,mobile,paypal,1,0
29.99,11.06,0,14,0,america,mobile,card,0,1
29.99,22.24,0,15,0,europe,desktop,card,0,0
19.99,20.29,3,25,0,europe,mobile,card,0,1
49.99,23.21,2,15,2,america,mobile,card,0,1
29.99,24.85,0,17,0,asia,mobile,paypal,1,0
29.99,25.87,0,11,0,america,mobile,card,1,0
49.99,31.18,1,9,0,america,desktop,card,1,0
19.99,21.86,2,1,0,asia,mobile,card,1,1
9.99,18.12,0,13,0,america,desktop,paypal,1,0
29.99,14.47,2,14,0,africa,mobile,card,0,1
19.99,13.74,2,15,0,europe,mobile,crypto,0,1
19.99,21.01,0,9,0,africa,tablet,card,1,0
29.99,16.94,0,1,1,europe,desktop,card,0,0
19.99,11.13,2,19,0,america,desktop,card,1,0
49.99,22.01,2,20,0,europe,mobile,paypal,0,0
19.99,21.42,0,13,1,asia,tablet,card,1,1
49.99,26.18,1,1,0,europe,mobile,card,0,0
9.99,25.14,1,6,0,america,desktop,card,0,0
19.99,12.99,0,1,0,america,tablet,paypal,1,0
49.99,11.23,1,12,0,europe,tablet,card,0,1
19.99,30.43,0,3,0,europe,tablet,card,0,0
19.99,16.99,0,5,0,europe,tablet,card,1,0
29.99,23.54,2,16,0,america,desktop,card,0,1
9.99,12.20,0,8,0,europe,mobile,card,1,0
29.99,22.02,0,11,0,america,mobile,card,1,1
29.99,16.29,0,16,0,europe,mobile,paypal,0,1
29.99,19.97,1,17,1,europe,mobile,crypto,1,1
29.99,16.17,1,1,0,asia,mobile,crypto,1,0
49.99,15.99,1,11,0,europe,mobile,card,1,1
49.99,33.30,1,17,0,africa,mobile,paypal,1,0
49.99,7.42,1,9,0,africa,mobile,card,1,0
19.99,31.90,1,12,0,america,desktop,card,0,0
49.99,13.80,0,12,1,europe,desktop,card,0,0
19.99,23.28,1,12,0,europe,tablet,card,0,0
19.99,20.59,1,17,1,europe,mobile,card,0,0
29.99,9.82,0,20,0,america,mobile,card,1,0
29.99,3.71,0,5,0,asia,mobile,card,0,1
19.99,13.04,1,11,0,america,mobile,card,1,0
49.99,24.19,2,7,0,asia,mobile,card,1,0
29.99,30.03,2,12,0,america,mobile,paypal,1,0
19.99,9.04,0,8,0,europe,mobile,card,1,0
29.99,12.93,0,9,1,europe,tablet,paypal,0,0
29.99,19.75,0,11,0,america,desktop,card,0,0
19.99,32.09,0,11,1,europe,mobile,card,1,1
19.99,21.90,1,8,1,america,mobile,paypal,0,0
29.99,24.74,1,39,0,america,mobile,card,1,0
9.99,11.61,1,16,0,europe,desktop,card,1,0
19.99,23.28,0,12,0,europe,mobile,card,0,1
19.99,3.00,0,20,1,europe,mobile,card,0,1
49.99,28.07,0,7,0,asia,desktop,paypal,0,0
49.99,23.99,0,6,0,europe,desktop,card,1,0
49.99,16.80,1,13,1,europe,desktop,card,1,0
19.99,34.99,0,17,0,europe,mobile,card,1,0
29.99,21.24,2,3,0,america,desktop,card,0,0
9.99,0.00,0,18,0,america,mobile,paypal,1,0
9.99,30.35,2,21,0,asia,desktop,card,1,0
29.99,22.29,1,17,1,america,mobile,card,1,0
29.99,11.98,1,5,0,america,tablet,card,1,0
19.99,14.79,0,14,0,asia,tablet,card,0,0
19.99,23.33,1,1,0,europe,tablet,paypal,1,0
49.99,23.42,0,1,0,america,mobile,paypal,1,0
29.99,20.99,1,26,0,america,mobile,card,1,0
19.99,17.08,3,12,0,asia,mobile,paypal,0,0
9.99,33.38,1,23,0,europe,mobile,card,1,0
49.99,26.70,0,18,0,america,mobile,paypal,0,0
29.99,24.68,0,1,0,africa,mobile,card,1,0
19.99,0.00,0,18,1,america,mobile,paypal,1,1
9.99,24.31,0,9,0,america,mobile,card,1,0
19.99,6.01,1,1,0,europe,mobile,card,1,1
49.99,22.86,0,4,0,asia,desktop,paypal,1,0
9.99,16.94,1,14,0,europe,desktop,card,1,0
29.99,17.86,0,5,1,america,mobile,card,1,0
49.99,19.93,0,7,0,europe,desktop,card,1,0
29.99,16.92,0,17,0,africa,tablet,paypal,1,0
19.99,22.44,1,6,1,america,mobile,paypal,1,0
29.99,31.15,1,12,0,europe,desktop,paypal,0,1
29.99,25.62,2,1,0,africa,mobile,card,1,0
29.99,13.22,1,3,0,europe,mobile,paypal,1,1
9.99,26.99,0,24,1,europe,desktop,card,0,1
29.99,26.55,1,24,0,asia,mobile,card,1,0
49.99,20.82,1,4,0,america,mobile,card,1,0
19.99,29.38,1,8,0,asia,desktop,card,1,0
9.99,22.10,2,13,0,asia,desktop,card,0,1
9.99,22.55,1,16,0,europe,desktop,card,0,1
29.99,0.39,0,2,0,africa,mobile,card,0,1
29.99,19.05,2,1,1,america,desktop,card,1,0
49.99,8.60,1,12,0,europe,desktop,card,1,0
49.99,19.88,0,18,0,europe,mobile,card,0,0
49.99,22.26,0,12,0,america,mobile,card,1,0
9.99,17.74,2,1,0,america,desktop,card,1,0
19.99,24.66,0,1,0,europe,desktop,card,1,0
9.99,19.82,0,13,1,asia,desktop,paypal,0,1
29.99,35.29,0,6,0,europe,desktop,card,0,0
19.99,17.37,3,20,0,europe,mobile,card,0,0
19.99,13.09,0,9,0,europe,desktop,card,1,0
19.99,23.92,0,1,0,america,mobile,paypal,0,0
19.99,22.54,2,14,0,europe,mobile,card,1,0
49.99,24.88,1,12,1,africa,mobile,crypto,1,0
19.99,22.16,1,9,0,asia,mobile,crypto,1,0
9.99,11.27,0,24,0,america,mobile,paypal,1,0
9.99,7.55,1,4,1,europe,desktop,card,1,0
29.99,20.07,1,19,1,africa,mobile,paypal,0,0
49.99,9.17,0,12,1,europe,mobile,paypal,1,0
19.99,17.08,0,7,0,asia,desktop,card,1,0
19.99,16.98,1,4,0,america,mobile,card,0,0
9.99,21.44,0,19,0,america,mobile,card,1,0
49.99,0.00,0,19,0,america,mobile,card,1,0
29.99,15.41,0,1,0,america,mobile,card,0,1
29.99,28.47,1,9,1,africa,mobile,card,1,0
9.99,28.33,0,10,0,europe,mobile,card,0,0
49.99,26.32,0,19,1,africa,mobile,card,1,0
29.99,0.00,0,21,0,europe,desktop,card,1,1
19.99,32.77,0,8,0,america,mobile,card,0,0
9.99,10.21,0,12,0,africa,mobile,card,1,1
9.99,13.17,0,12,0,asia,desktop,card,0,1
29.99,16.57,1,11,1,america,tablet,card,0,0
49.99,9.29,0,1,0,europe,mobile,card,1,0
9.99,33.85,1,14,1,america,mobile,card,1,0
29.99,29.11,1,20,0,america,tablet,card,0,0
29.99,32.10,3,1,1,europe,mobile,card,1,0
19.99,15.79,1,20,2,europe,desktop,card,1,0
29.99,17.73,1,2,0,europe,mobile,card,1,0
49.99,17.92,1,14,0,europe,mobile,paypal,0,0
29.99,21.20,1,20,0,europe,desktop,card,0,0
9.99,35.69,0,13,1,europe,tablet,card,1,0
19.99,10.58,0,10,0,europe,mobile,card,1,0
19.99,17.99,0,1,1,europe,mobile,card,1,0
9.99,6.01,0,4,1,europe,mobile,card,1,1
19.99,16.57,1,2,0,america,desktop,card,0,0
29.99,6.39,0,20,0,europe,desktop,card,1,0
9.99,20.90,1,12,0,america,desktop,card,0,0
19.99,17.52,1,2,0,europe,tablet,card,0,0
49.99,22.71,1,7,0,america,mobile,card,0,0
19.99,34.47,0,1,0,asia,mobile,card,1,0
49.99,23.07,1,9,0,asia,desktop,paypal,1,0
9.99,27.11,0,13,0,america,mobile,card,0,0
29.99,32.59,1,10,0,europe,mobile,card,1,0
9.99,12.84,0,23,0,europe,desktop,card,1,0
29.99,24.02,1,8,2,america,mobile,paypal,0,0
49.99,10.69,0,1,0,america,desktop,card,0,1
19.99,35.50,0,13,0,europe,mobile,card,0,0
9.99,23.59,0,1,0,africa,mobile,card,1,0
29.99,26.74,0,10,0,europe,tablet,card,0,0
49.99,24.68,0,14,0,europe,mobile,card,1,0
9.99,7.90,0,27,0,europe,tablet,card,1,0
19.99,25.43,0,5,0,europe,desktop,paypal,1,0
29.99,35.91,2,8,1,america,desktop,card,0,0
29.99,25.05,2,25,0,europe,mobile,card,1,0
19.99,37.42,0,7,1,europe,mobile,paypal,1,1
29.99,28.25,0,19,0,europe,mobile,paypal,1,0
19.99,2.38,2,24,0,asia,mobile,paypal,1,0
19.99,15.62,0,3,0,europe,mobile,card,0,0
29.99,47.07,0,16,0,europe,tablet,card,1,0
49.99,23.17,0,6,0,europe,desktop,card,1,0
9.99,9.77,0,19,0,europe,mobile,card,1,0
49.99,12.26,1,12,0,europe,desktop,card,0,0
9.99,24.59,1,20,0,africa,desktop,card,1,0
29.99,13.38,1,32,0,europe,desktop,card,1,0
9.99,18.98,2,13,0,america,desktop,card,1,0
9.99,7.06,0,1,0,africa,mobile,card,1,0
29.99,13.30,0,6,0,africa,tablet,card,1,0
29.99,31.05,0,13,0,america,mobile,paypal,1,0
29.99,0.00,0,18,1,asia,desktop,card,0,0
9.99,24.07,0,19,0,america,desktop,card,1,0
9.99,13.22,0,1,0,europe,mobile,paypal,1,0
49.99,2.13,1,22,1,america,desktop,card,0,1
49.99,26.30,0,14,0,europe,mobile,card,1,0
19.99,24.72,0,13,0,america,mobile,card,1,0
9.99,34.35,1,6,0,europe,mobile,card,1,0
9.99,30.69,1,9,0,america,mobile,paypal,1,0
49.99,25.79,1,11,2,asia,mobile,card,0,0
19.99,20.66,1,18,0,america,mobile,card,1,0
9.99,23.48,1,1,0,europe,mobile,card,1,0
19.99,41.64,1,12,0,europe,desktop,card,0,0
9.99,14.04,0,22,0,europe,mobile,card,1,0
19.99,36.30,2,10,0,america,mobile,card,1,0
49.99,22.09,1,16,1,asia,desktop,card,1,0
19.99,20.88,1,15,0,africa,desktop,paypal,0,0
9.99,8.59,0,15,0,america,mobile,card,1,0
19.99,27.67,0,8,1,africa,mobile,card,0,1
29.99,29.24,2,11,0,africa,tablet,card,1,0
49.99,23.36,0,16,1,europe,mobile,card,1,1
19.99,16.02,1,1,0,america,mobile,crypto,1,0
29.99,11.98,0,8,0,europe,desktop,card,0,0
9.99,25.06,1,30,0,america,desktop,paypal,0,0
49.99,25.59,0,3,0,europe,mobile,card,1,0
29.99,17.90,1,11,0,america,tablet,crypto,1,1
29.99,10.55,0,17,0,europe,mobile,paypal,1,0
19.99,0.00,2,1,0,america,tablet,card,1,1
49.99,22.65,0,15,0,africa,mobile,card,1,0
9.99,37.25,4,16,1,america,desktop,paypal,1,0
19.99,20.04,0,22,0,europe,desktop,paypal,0,0
9.99,19.38,0,1,0,asia,mobile,card,1,1
9.99,7.49,2,1,0,europe,mobile,paypal,0,0
49.99,19.13,0,4,0,america,mobile,crypto,0,0
49.99,12.34,1,12,0,africa,desktop,crypto,1,0
19.99,0.73,1,10,0,asia,tablet,card,1,1
29.99,16.93,0,18,1,america,mobile,card,0,0
9.99,26.13,1,12,0,asia,mobile,card,1,0
29.99,6.42,0,17,0,europe,mobile,card,1,0
9.99,25.77,0,8,0,asia,tablet,card,1,0
29.99,25.57,0,15,0,asia,mobile,card,1,0
19.99,2.71,1,1,1,asia,mobile,paypal,1,1
9.99,18.37,1,23,1,africa,mobile,card,1,0
9.99,7.84,0,19,0,europe,desktop,paypal,1,1
49.99,14.35,0,11,1,europe,mobile,card,1,1
9.99,17.25,0,22,2,europe,desktop,paypal,1,0
19.99,41.30,1,23,0,europe,desktop,card,1,0
29.99,13.89,2,18,0,europe,mobile,card,0,0
29.99,0.70,2,14,0,europe,mobile,paypal,0,0
29.99,14.33,1,12,1,asia,mobile,card,1,0
9.99,19.98,0,1,0,europe,tablet,card,0,0
49.99,41.27,0,16,0,america,mobile,card,0,0
49.99,26.47,0,15,0,america,mobile,paypal,0,0
19.99,18.24,1,15,0,asia,mobile,card,1,0
19.99,16.92,1,12,0,america,desktop,paypal,1,0
19.99,35.11,1,6,0,america,mobile,card,1,0
49.99,15.69,0,8,1,america,mobile,paypal,1,1
9.99,9.05,0,23,0,europe,mobile,card,0,0
19.99,18.01,0,9,1,asia,tablet,card,0,1
9.99,32.79,0,13,0,america,mobile,card,1,0
19.99,20.04,1,11,0,america,tablet,card,0,0
19.99,33.06,1,17,0,africa,mobile,card,0,1
49.99,7.28,0,1,0,europe,desktop,card,1,1
49.99,22.87,0,12,0,europe,desktop,paypal,1,1
9.99,32.60,0,15,0,africa,mobile,paypal,0,0
29.99,31.77,1,18,0,america,mobile,card,1,0
19.99,28.82,0,9,0,europe,mobile,card,1,0
49.99,19.18,0,17,0,america,desktop,card,0,1
9.99,8.67,0,13,0,america,mobile,card,1,0
49.99,19.90,2,15,0,europe,mobile,card,1,0
9.99,23.40,1,24,0,asia,desktop,card,0,1
19.99,11.36,0,8,1,europe,desktop,crypto,1,0
49.99,4.81,0,3,1,europe,mobile,card,1,1
49.99,24.76,0,6,0,america,mobile,paypal,0,0
19.99,22.84,1,18,0,europe,mobile,card,1,1
19.99,1.73,3,23,0,america,desktop,card,0,0
9.99,5.39,0,6,0,america,mobile,card,1,0
49.99,5.31,0,14,0,europe,mobile,card,1,0
29.99,21.36,0,24,0,asia,desktop,card,0,0
29.99,21.37,2,17,0,america,desktop,card,1,0
19.99,1.51,1,4,0,africa,mobile,card,1,0
9.99,31.20,2,26,0,europe,mobile,card,1,0
9.99,15.79,1,1,1,europe,desktop,card,1,0
9.99,30.02,2,1,0,africa,desktop,card,1,1
29.99,24.26,1,9,0,asia,mobile,card,1,0
19.99,4.10,1,13,1,europe,mobile,card,1,0
9.99,26.37,0,8,1,europe,mobile,card,1,0
49.99,15.98,0,17,1,asia,desktop,crypto,1,0
19.99,34.51,1,8,0,asia,mobile,paypal,1,0
49.99,4.84,1,9,0,america,mobile,card,1,1
9.99,23.54,0,35,0,asia,mobile,card,1,0
